"SiteID","Longitude","Latitude","GPP"
"icr005934",-6.92976,36.0986,2.63559319444444
"icr005940",-6.92729,36.0947,2.63559319444444
"icr005949",-6.90578,36.0879,2.51888196527778
"icr005950",-6.91138,36.0889,2.51888196527778
"icr005952",-6.91001,36.0909,2.51888196527778
"icr005955",-6.91318,36.0925,2.51888196527778
"icr005958",-6.90897,36.0845,2.51888196527778
"icr005962",-6.90951,36.0899,2.51888196527778
"icr005964",-6.91324,36.0914,2.51888196527778
"icr005971",-6.88722,36.0903,2.51888196527778
"icr005972",-6.88722,36.0903,2.51888196527778
"icr005973",-6.87997,36.0957,2.51888196527778
"icr005974",-6.87997,36.0957,2.51888196527778
"icr005975",-6.88609,36.0976,2.51888196527778
"icr005977",-6.88888,36.0951,2.51888196527778
"icr005980",-6.88463,36.0953,2.51888196527778
"icr005981",-6.88493,36.0892,2.51888196527778
"icr005987",-6.86272,36.0943,2.51888196527778
"icr005988",-6.86873,36.0972,2.51888196527778
"icr005989",-6.86867,36.0958,2.51888196527778
"icr005990",-6.86532,36.1,2.51888196527778
"icr005991",-6.86532,36.1,2.51888196527778
"icr005994",-6.86576,36.101,2.51888196527778
"icr005995",-6.86663,36.1005,2.51888196527778
"icr005997",-6.86088,36.1005,2.51888196527778
"icr005999",-6.93858,36.1244,2.63559319444444
"icr006000",-6.93443,36.1252,2.63559319444444
"icr006004",-6.93504,36.1237,2.63559319444444
"icr006010",-6.93586,36.1246,2.63559319444444
"icr006014",-6.93647,36.1206,2.63559319444444
"icr006021",-6.91458,36.123,2.51888196527778
"icr006024",-6.91431,36.1196,2.51888196527778
"icr006026",-6.91591,36.1194,2.51888196527778
"icr006027",-6.91071,36.1208,2.51888196527778
"icr006034",-6.91441,36.1249,2.51888196527778
"icr006041",-6.88918,36.1166,2.51888196527778
"icr006044",-6.8936,36.1182,2.51888196527778
"icr006058",-6.86254,36.1205,2.51888196527778
"icr006061",-6.86451,36.1219,2.51888196527778
"icr006063",-6.85994,36.1191,2.51888196527778
"icr006064",-6.86554,36.1171,2.51888196527778
"icr006073",-6.92727,36.1416,2.63559319444444
"icr006079",-6.9298,36.1371,2.63559319444444
"icr006081",-6.9288,36.1416,2.63559319444444
"icr006082",-6.9288,36.1416,2.63559319444444
"icr006084",-6.90925,36.1369,2.51888196527778
"icr006096",-6.90992,36.1391,2.51888196527778
"icr006099",-6.90426,36.14,2.51888196527778
"icr006110",-6.89232,36.1377,2.51888196527778
"icr006114",-6.89039,36.1331,2.51888196527778
"icr006115",-6.89424,36.1339,2.51888196527778
"icr006116",-6.89424,36.1339,2.51888196527778
"icr006117",-6.89404,36.1367,2.51888196527778
"icr006118",-6.89404,36.1367,2.51888196527778
"icr006127",-6.86459,36.1378,2.51888196527778
"icr006130",-6.85879,36.1428,2.51888196527778
"icr006131",-6.85879,36.1428,2.51888196527778
"icr006133",-6.86058,36.1368,2.51888196527778
"icr006139",-6.93411,36.1631,2.63559319444444
"icr006145",-6.93354,36.1636,2.63559319444444
"icr006162",-6.90902,36.1622,2.51888196527778
"icr006166",-6.88897,36.1673,2.90538036111111
"icr006170",-6.88958,36.1674,2.90538036111111
"icr006172",-6.88228,36.1642,2.51888196527778
"icr006174",-6.88359,36.1633,2.51888196527778
"icr006175",-6.88223,36.1614,2.51888196527778
"icr006176",-6.88375,36.1644,2.51888196527778
"icr006185",-6.87052,36.16,2.51888196527778
"icr006192",-6.87246,36.1577,2.51888196527778
"icr006454",-6.12601,36.4402,1.81551565277778
"icr006455",-6.12601,36.4402,1.81551565277778
"icr006474",-6.08875,36.436,1.81551565277778
"icr006475",-6.08875,36.436,1.81551565277778
"icr006492",-6.06394,36.4405,2.39560929861111
"icr006493",-6.06394,36.4405,2.39560929861111
"icr006510",-6.04693,36.4439,2.39560929861111
"icr006530",-6.11749,36.4577,1.81551565277778
"icr006531",-6.11749,36.4577,1.81551565277778
"icr006551",-6.0882,36.4633,1.81551565277778
"icr006570",-6.06997,36.4646,2.39560929861111
"icr006571",-6.06997,36.4646,2.39560929861111
"icr006586",-6.05575,36.4577,2.39560929861111
"icr006599",-6.04914,36.4567,2.39560929861111
"icr006626",-6.09622,36.4863,1.81551565277778
"icr006627",-6.09622,36.4863,1.81551565277778
"icr006684",-6.12214,36.5064,2.17797741666667
"icr006695",-6.12299,36.5099,2.17797741666667
"icr006704",-6.0906,36.5084,2.17797741666667
"icr006705",-6.0906,36.5084,2.17797741666667
"icr006725",-6.07987,36.5067,2.08390398611111
"icr006727",-6.07972,36.5017,2.08390398611111
"icr006744",-6.05373,36.5135,2.08390398611111
"icr006745",-6.05373,36.5135,2.08390398611111
"icr007791",-5.319,37.4506,3.11542861805556
"icr007851",-5.33593,37.4686,3.12504965277778
"icr007987",-5.35679,37.5099,3.53879150694444
"icr010019",-11.1061,35.1498,3.67014097222222
"icr010535",14.8258,-10.9938,1.20923738888889
"icr010536",14.8258,-10.9938,1.20923738888889
"icr011078",10.9234,-3.57667,2.58924385416667
"icr011284",10.9046,-3.51695,2.62573489583333
"icr011941",-3.00733,33.045,2.72955453472222
"icr012079",-3.03831,33.0852,2.72393404861111
"icr015592",6.68233,-1.25978,7.23127381944444
"icr016015",5.39254,-0.705087,4.41016263888889
"icr020848",-8.07403,37.2694,3.25532059027778
"icr020849",-8.07403,37.2694,3.25532059027778
"icr020850",-8.07436,37.2646,3.25532059027778
"icr020851",-8.07436,37.2646,3.25532059027778
"icr020852",-8.07719,37.2697,3.25532059027778
"icr020860",-8.07572,37.2713,3.25532059027778
"icr020861",-8.07572,37.2713,3.25532059027778
"icr020864",-8.07146,37.268,3.25532059027778
"icr020865",-8.07146,37.268,3.25532059027778
"icr020867",-8.07029,37.2693,3.25532059027778
"icr020868",-8.04191,37.2717,3.25532059027778
"icr020872",-8.0497,37.2744,3.25532059027778
"icr020873",-8.0497,37.2744,3.25532059027778
"icr020877",-8.04169,37.2689,3.25532059027778
"icr020879",-8.04547,37.2732,3.25532059027778
"icr020882",-8.04705,37.2679,3.25532059027778
"icr020888",-8.02105,37.2704,3.25532059027778
"icr020889",-8.02105,37.2704,3.25532059027778
"icr020895",-8.01498,37.272,3.25532059027778
"icr020900",-8.01869,37.2668,3.25532059027778
"icr020901",-8.01869,37.2668,3.25532059027778
"icr020903",-8.02242,37.2675,3.25532059027778
"icr020904",-8.01984,37.2698,3.25532059027778
"icr020907",-8.01953,37.2711,3.25532059027778
"icr020908",-8.00081,37.2724,3.25532059027778
"icr020909",-8.00081,37.2724,3.25532059027778
"icr020910",-8.00323,37.2745,3.25532059027778
"icr020912",-8.00285,37.2726,3.25532059027778
"icr020913",-8.00285,37.2726,3.25532059027778
"icr020914",-8.00265,37.2701,3.25532059027778
"icr020915",-8.00265,37.2701,3.25532059027778
"icr020917",-7.99755,37.2744,3.48324763888889
"icr020918",-7.99752,37.2746,3.48324763888889
"icr020922",-7.99868,37.2705,3.48324763888889
"icr020924",-8.00188,37.2718,3.25532059027778
"icr020926",-7.99808,37.2758,3.48324763888889
"icr020929",-8.06973,37.2885,3.25532059027778
"icr020930",-8.06973,37.2885,3.25532059027778
"icr020932",-8.06959,37.2941,3.25532059027778
"icr020933",-8.07242,37.2948,3.25532059027778
"icr020934",-8.07242,37.2948,3.25532059027778
"icr020939",-8.07329,37.2899,3.25532059027778
"icr020940",-8.07329,37.2899,3.25532059027778
"icr020941",-8.06521,37.2911,3.25532059027778
"icr020942",-8.06521,37.2911,3.25532059027778
"icr020943",-8.06851,37.2921,3.25532059027778
"icr020947",-8.04762,37.2957,3.25532059027778
"icr020949",-8.04402,37.289,3.25532059027778
"icr020950",-8.04402,37.289,3.25532059027778
"icr020951",-8.04994,37.2892,3.25532059027778
"icr020952",-8.04994,37.2892,3.25532059027778
"icr020955",-8.04369,37.2872,3.25532059027778
"icr020956",-8.04369,37.2872,3.25532059027778
"icr020957",-8.04655,37.2957,3.25532059027778
"icr020958",-8.04655,37.2957,3.25532059027778
"icr020960",-8.0449,37.2926,3.25532059027778
"icr020965",-8.04887,37.2918,3.25532059027778
"icr020966",-8.01964,37.2909,3.25532059027778
"icr020967",-8.01964,37.2909,3.25532059027778
"icr020968",-8.02208,37.2942,3.25532059027778
"icr020969",-8.02208,37.2942,3.25532059027778
"icr020970",-8.02381,37.2923,3.25532059027778
"icr020971",-8.02381,37.2923,3.25532059027778
"icr020972",-8.02142,37.2923,3.25532059027778
"icr020973",-8.02142,37.2923,3.25532059027778
"icr020974",-8.02501,37.2966,3.25532059027778
"icr020975",-8.02501,37.2966,3.25532059027778
"icr020976",-8.01976,37.2918,3.25532059027778
"icr020977",-8.01976,37.2918,3.25532059027778
"icr020978",-8.02184,37.2982,3.25532059027778
"icr020981",-8.02312,37.2979,3.25532059027778
"icr020982",-8.01703,37.2937,3.25532059027778
"icr020983",-8.01703,37.2937,3.25532059027778
"icr020984",-8.01902,37.2973,3.25532059027778
"icr020985",-8.01902,37.2973,3.25532059027778
"icr020986",-8.00173,37.2956,3.25532059027778
"icr020989",-8.00347,37.2961,3.25532059027778
"icr020990",-8.0041,37.2964,3.25532059027778
"icr020991",-8.0022,37.2925,3.25532059027778
"icr020992",-8.0022,37.2925,3.25532059027778
"icr020993",-8.00517,37.2921,3.25532059027778
"icr020994",-8.00517,37.2921,3.25532059027778
"icr020995",-8.00344,37.2966,3.25532059027778
"icr020998",-8.00348,37.2973,3.25532059027778
"icr020999",-8.00348,37.2973,3.25532059027778
"icr021002",-8.00179,37.2969,3.25532059027778
"icr021003",-8.00179,37.2969,3.25532059027778
"icr021005",-8.06769,37.3166,3.25532059027778
"icr021006",-8.06764,37.3122,3.25532059027778
"icr021007",-8.06764,37.3122,3.25532059027778
"icr021008",-8.07187,37.3141,3.25532059027778
"icr021010",-8.07174,37.3131,3.25532059027778
"icr021013",-8.06894,37.3143,3.25532059027778
"icr021014",-8.06894,37.3143,3.25532059027778
"icr021015",-8.07154,37.3126,3.25532059027778
"icr021016",-8.07154,37.3126,3.25532059027778
"icr021022",-8.06481,37.3148,3.25532059027778
"icr021023",-8.04236,37.3135,3.25532059027778
"icr021028",-8.04646,37.3158,3.25532059027778
"icr021031",-8.04561,37.3196,3.25532059027778
"icr021032",-8.04561,37.3196,3.25532059027778
"icr021033",-8.04605,37.315,3.25532059027778
"icr021034",-8.04605,37.315,3.25532059027778
"icr021035",-8.04345,37.3181,3.25532059027778
"icr021038",-8.04729,37.321,3.25532059027778
"icr021041",-8.04752,37.3177,3.25532059027778
"icr021045",-8.03018,37.3174,3.25532059027778
"icr021046",-8.03018,37.3174,3.25532059027778
"icr021051",-8.02561,37.3114,3.25532059027778
"icr021052",-8.02561,37.3114,3.25532059027778
"icr021056",-8.02538,37.3117,3.25532059027778
"icr021057",-8.02678,37.313,3.25532059027778
"icr021058",-8.02678,37.313,3.25532059027778
"icr021060",-8.02893,37.3161,3.25532059027778
"icr021062",-8.02816,37.3116,3.25532059027778
"icr021063",-8.00515,37.3146,3.25532059027778
"icr021064",-8.00515,37.3146,3.25532059027778
"icr021065",-8.00415,37.3163,3.25532059027778
"icr021066",-8.00415,37.3163,3.25532059027778
"icr021074",-8.00149,37.32,3.25532059027778
"icr021077",-8.00332,37.3129,3.25532059027778
"icr021081",-8.00634,37.316,3.25532059027778
"icr021082",-8.00634,37.316,3.25532059027778
"icr021084",-8.07076,37.3306,3.25532059027778
"icr021085",-8.07345,37.3292,3.25532059027778
"icr021086",-8.07345,37.3292,3.25532059027778
"icr021090",-8.06947,37.3306,3.25532059027778
"icr021095",-8.07457,37.3307,3.25532059027778
"icr021099",-8.07111,37.335,3.09556238888889
"icr021101",-8.07364,37.3293,3.25532059027778
"icr021102",-8.07364,37.3293,3.25532059027778
"icr021103",-8.0493,37.3337,3.09556238888889
"icr021104",-8.0493,37.3337,3.09556238888889
"icr021106",-8.05179,37.3285,3.25532059027778
"icr021111",-8.04789,37.3311,3.25532059027778
"icr021112",-8.04789,37.3311,3.25532059027778
"icr021118",-8.05416,37.3298,3.25532059027778
"icr021121",-8.04807,37.329,3.25532059027778
"icr021123",-8.02355,37.3375,3.09556238888889
"icr021127",-8.02654,37.3394,3.09556238888889
"icr021128",-8.02595,37.338,3.09556238888889
"icr021129",-8.02595,37.338,3.09556238888889
"icr021131",-8.02938,37.3361,3.09556238888889
"icr021132",-8.02951,37.3383,3.09556238888889
"icr021133",-8.02338,37.3321,3.25532059027778
"icr021134",-8.02338,37.3321,3.25532059027778
"icr021136",-8.02358,37.3322,3.25532059027778
"icr021139",-8.02783,37.3372,3.09556238888889
"icr021142",-8.00446,37.3285,3.25532059027778
"icr021143",-8.00877,37.3322,3.25532059027778
"icr021144",-8.00049,37.3335,3.09556238888889
"icr021145",-8.00003,37.3329,3.25532059027778
"icr021147",-7.99942,37.3305,3.48324763888889
"icr021152",-8.00216,37.3274,3.25532059027778
"icr021153",-8.00216,37.3274,3.25532059027778
"icr021155",-8.00326,37.3349,3.09556238888889
"icr024866",-6.93032,34.1781,3.12180023611111
"icr024869",-6.92843,34.1724,3.12180023611111
"icr024870",-6.92387,34.1778,3.12180023611111
"icr024871",-6.92877,34.1725,3.12180023611111
"icr024876",-6.93113,34.1754,3.12180023611111
"icr024877",-6.93113,34.1754,3.12180023611111
"icr024882",-6.90181,34.1802,3.15783179861111
"icr024883",-6.90269,34.1776,3.15783179861111
"icr024884",-6.90269,34.1776,3.15783179861111
"icr024885",-6.90132,34.1829,3.15783179861111
"icr024887",-6.90435,34.1765,3.15783179861111
"icr024889",-6.90238,34.1749,3.15783179861111
"icr024891",-6.90526,34.1766,3.15783179861111
"icr024894",-6.90256,34.1742,3.15783179861111
"icr024901",-6.88427,34.1777,3.15783179861111
"icr024918",-6.86511,34.1817,3.15783179861111
"icr024923",-6.86164,34.1785,3.15783179861111
"icr024924",-6.86164,34.1785,3.15783179861111
"icr024925",-6.86385,34.1802,3.15783179861111
"icr024928",-6.86402,34.177,3.15783179861111
"icr024930",-6.86145,34.1794,3.15783179861111
"icr024931",-6.86052,34.1793,3.15783179861111
"icr024932",-6.86052,34.1793,3.15783179861111
"icr024934",-6.8572,34.1777,3.15783179861111
"icr024935",-6.86139,34.1832,3.15783179861111
"icr024936",-6.86139,34.1832,3.15783179861111
"icr024950",-6.93388,34.1964,3.12180023611111
"icr024956",-6.91007,34.1925,3.15783179861111
"icr024957",-6.91007,34.1925,3.15783179861111
"icr024959",-6.90508,34.1918,3.15783179861111
"icr024960",-6.90438,34.1928,3.15783179861111
"icr024961",-6.90438,34.1928,3.15783179861111
"icr024963",-6.90306,34.1929,3.15783179861111
"icr024969",-6.90731,34.1937,3.15783179861111
"icr024973",-6.90722,34.1982,3.15783179861111
"icr024974",-6.90242,34.1973,3.15783179861111
"icr024975",-6.88064,34.2016,3.15783179861111
"icr024976",-6.87918,34.1931,3.15783179861111
"icr024977",-6.87918,34.1931,3.15783179861111
"icr024979",-6.8794,34.195,3.15783179861111
"icr024980",-6.87636,34.2004,3.15783179861111
"icr024981",-6.87636,34.2004,3.15783179861111
"icr024982",-6.88208,34.196,3.15783179861111
"icr024985",-6.87862,34.2004,3.15783179861111
"icr024986",-6.87862,34.2004,3.15783179861111
"icr024987",-6.88121,34.1991,3.15783179861111
"icr024988",-6.87793,34.2024,3.15783179861111
"icr024990",-6.88064,34.1978,3.15783179861111
"icr024991",-6.88064,34.1978,3.15783179861111
"icr024992",-6.85637,34.1983,3.15783179861111
"icr024993",-6.85431,34.1917,3.15783179861111
"icr024994",-6.85983,34.1945,3.15783179861111
"icr024995",-6.85983,34.1945,3.15783179861111
"icr024999",-6.85861,34.1954,3.15783179861111
"icr025000",-6.8595,34.1966,3.15783179861111
"icr025001",-6.86013,34.1951,3.15783179861111
"icr025002",-6.86013,34.1951,3.15783179861111
"icr025003",-6.85829,34.1994,3.15783179861111
"icr025006",-6.92494,34.2156,3.12180023611111
"icr025008",-6.92561,34.2149,3.12180023611111
"icr025011",-6.92556,34.221,3.12180023611111
"icr025016",-6.90417,34.2157,3.15783179861111
"icr025019",-6.90227,34.2096,3.15783179861111
"icr025020",-6.89868,34.2111,3.15783179861111
"icr025021",-6.89868,34.2111,3.15783179861111
"icr025023",-6.90098,34.2145,3.15783179861111
"icr025024",-6.90273,34.2175,3.15783179861111
"icr025026",-6.89852,34.2162,3.15783179861111
"icr025029",-6.9036,34.214,3.15783179861111
"icr025030",-6.89926,34.2123,3.15783179861111
"icr025039",-6.88024,34.2244,3.15783179861111
"icr025040",-6.87872,34.224,3.15783179861111
"icr025041",-6.87872,34.224,3.15783179861111
"icr025047",-6.88134,34.2259,3.15783179861111
"icr025049",-6.88085,34.2209,3.15783179861111
"icr025050",-6.88085,34.2209,3.15783179861111
"icr025054",-6.87678,34.2229,3.15783179861111
"icr025056",-6.85391,34.2128,3.15783179861111
"icr025060",-6.85503,34.2135,3.15783179861111
"icr025061",-6.85828,34.2148,3.15783179861111
"icr025062",-6.85828,34.2148,3.15783179861111
"icr025063",-6.85538,34.2165,3.15783179861111
"icr025065",-6.86073,34.2191,3.15783179861111
"icr025066",-6.86073,34.2191,3.15783179861111
"icr025068",-6.85567,34.2118,3.15783179861111
"icr025071",-6.86156,34.2134,3.15783179861111
"icr025072",-6.85943,34.2136,3.15783179861111
"icr025077",-6.92,34.2376,3.12180023611111
"icr025078",-6.9191,34.2396,3.12180023611111
"icr025080",-6.92211,34.2423,3.12180023611111
"icr025082",-6.92542,34.2379,3.12180023611111
"icr025085",-6.9219,34.2379,3.12180023611111
"icr025087",-6.91947,34.2422,3.12180023611111
"icr025089",-6.91815,34.2404,3.12180023611111
"icr025094",-6.89568,34.2389,3.15783179861111
"icr025096",-6.90033,34.2341,3.15783179861111
"icr025097",-6.90167,34.2364,3.15783179861111
"icr025102",-6.90205,34.2408,3.15783179861111
"icr025105",-6.90338,34.2379,3.15783179861111
"icr025106",-6.90338,34.2379,3.15783179861111
"icr025109",-6.90026,34.2367,3.15783179861111
"icr025110",-6.90026,34.2367,3.15783179861111
"icr025112",-6.87731,34.2456,3.15783179861111
"icr025116",-6.88005,34.2458,3.15783179861111
"icr025121",-6.87291,34.2448,3.15783179861111
"icr025129",-6.85596,34.2464,3.15783179861111
"icr025130",-6.85962,34.2423,3.15783179861111
"icr025132",-6.85881,34.2471,3.15783179861111
"icr025133",-6.85634,34.243,3.15783179861111
"icr025137",-6.85685,34.24,3.15783179861111
"icr025138",-6.85892,34.2405,3.15783179861111
"icr025140",-6.85408,34.2479,3.15783179861111
"icr030027",8.58001,34.9821,4.17522971527778
"icr030029",8.58175,34.9841,4.17522971527778
"icr030033",8.57914,34.9808,4.17522971527778
"icr030036",8.57382,34.9829,4.17522971527778
"icr030037",8.57438,34.9811,4.17522971527778
"icr030039",8.58038,34.9851,4.17522971527778
"icr030040",8.58038,34.9851,4.17522971527778
"icr030042",8.57633,34.9833,4.17522971527778
"icr030043",8.60079,34.985,4.19459488194444
"icr030051",8.60196,34.9883,4.19459488194444
"icr030052",8.60196,34.9883,4.19459488194444
"icr030055",8.60019,34.982,4.19459488194444
"icr030063",8.62985,34.9838,4.19459488194444
"icr030070",8.62903,34.98,4.19459488194444
"icr030082",8.62545,34.9803,4.19459488194444
"icr030083",8.65488,34.9879,4.19459488194444
"icr030088",8.64857,34.9862,4.19459488194444
"icr030094",8.65265,34.9893,4.19459488194444
"icr030096",8.65001,34.9901,4.19459488194444
"icr030097",8.65557,34.9827,4.19459488194444
"icr030098",8.65557,34.9827,4.19459488194444
"icr030101",8.65034,34.9818,4.19459488194444
"icr030113",8.58142,35.0001,4.05426196527778
"icr030114",8.58142,35.0001,4.05426196527778
"icr030115",8.58397,35.003,3.93082409027778
"icr030118",8.57494,35.0016,4.05426196527778
"icr030119",8.57953,35.0079,4.05426196527778
"icr030122",8.58039,35.0046,4.05426196527778
"icr030123",8.59929,35.0006,3.93082409027778
"icr030124",8.59929,35.0006,3.93082409027778
"icr030126",8.59727,34.9997,4.19459488194444
"icr030127",8.59832,34.9998,4.19459488194444
"icr030128",8.59832,34.9998,4.19459488194444
"icr030129",8.60032,34.999,4.19459488194444
"icr030131",8.60511,35.0048,3.93082409027778
"icr030132",8.60511,35.0048,3.93082409027778
"icr030133",8.60125,34.9994,4.19459488194444
"icr030134",8.60125,34.9994,4.19459488194444
"icr030136",8.59852,35.0021,3.93082409027778
"icr030137",8.60102,34.9998,4.19459488194444
"icr030138",8.60102,34.9998,4.19459488194444
"icr030139",8.60509,35.0035,3.93082409027778
"icr030142",8.60583,35.004,3.93082409027778
"icr030144",8.62714,35.0078,3.93082409027778
"icr030145",8.62525,35.0053,3.93082409027778
"icr030146",8.62525,35.0053,3.93082409027778
"icr030148",8.62543,35.0024,3.93082409027778
"icr030150",8.62879,35.0088,3.93082409027778
"icr030155",8.62932,35.0038,3.93082409027778
"icr030156",8.62932,35.0038,3.93082409027778
"icr030160",8.62853,35.0027,3.93082409027778
"icr030162",8.6267,35.004,3.93082409027778
"icr030168",8.6487,35.0016,3.93082409027778
"icr030169",8.64767,34.999,4.19459488194444
"icr030170",8.64767,34.999,4.19459488194444
"icr030174",8.64686,35.0003,3.93082409027778
"icr030176",8.64603,35.0015,3.93082409027778
"icr030177",8.64603,35.0015,3.93082409027778
"icr030179",8.643,35.005,3.93082409027778
"icr030181",8.5774,35.0232,4.05426196527778
"icr030185",8.57848,35.0277,4.05426196527778
"icr030187",8.57979,35.0275,4.05426196527778
"icr030190",8.58048,35.0256,4.05426196527778
"icr030191",8.58048,35.0256,4.05426196527778
"icr030192",8.57611,35.0237,4.05426196527778
"icr030195",8.57946,35.0232,4.05426196527778
"icr030196",8.58109,35.0242,4.05426196527778
"icr030203",8.60042,35.024,3.93082409027778
"icr030206",8.60711,35.0269,3.93082409027778
"icr030207",8.60711,35.0269,3.93082409027778
"icr030209",8.60696,35.0205,3.93082409027778
"icr030211",8.60368,35.0254,3.93082409027778
"icr030214",8.60314,35.0198,3.93082409027778
"icr030215",8.60314,35.0198,3.93082409027778
"icr030225",8.62238,35.0345,3.93082409027778
"icr030227",8.62095,35.034,3.93082409027778
"icr030231",8.61953,35.0302,3.93082409027778
"icr030232",8.61858,35.0379,3.93082409027778
"icr030234",8.61986,35.0376,3.93082409027778
"icr030237",8.62448,35.0347,3.93082409027778
"icr030242",8.643,35.0253,3.93082409027778
"icr030243",8.643,35.0253,3.93082409027778
"icr030244",8.64308,35.03,3.93082409027778
"icr030251",8.64685,35.0279,3.93082409027778
"icr030257",8.64411,35.0248,3.93082409027778
"icr030260",8.58039,35.045,4.05426196527778
"icr030265",8.58103,35.043,4.05426196527778
"icr030268",8.5773,35.0459,4.05426196527778
"icr030269",8.5773,35.0459,4.05426196527778
"icr030270",8.58223,35.0431,4.05426196527778
"icr030271",8.58223,35.0431,4.05426196527778
"icr030273",8.57915,35.0442,4.05426196527778
"icr030277",8.60308,35.0485,3.93082409027778
"icr030279",8.59941,35.0526,3.93082409027778
"icr030282",8.59956,35.0464,3.93082409027778
"icr030283",8.59956,35.0464,3.93082409027778
"icr030284",8.59954,35.0543,3.93082409027778
"icr030288",8.60147,35.0474,3.93082409027778
"icr030291",8.59879,35.0508,3.93082409027778
"icr030295",8.60285,35.0471,3.93082409027778
"icr030299",8.62743,35.0549,3.93082409027778
"icr030300",8.62189,35.0485,3.93082409027778
"icr030301",8.62189,35.0485,3.93082409027778
"icr030303",8.62566,35.047,3.93082409027778
"icr030304",8.62449,35.0493,3.93082409027778
"icr030305",8.62449,35.0493,3.93082409027778
"icr030309",8.62133,35.05,3.93082409027778
"icr030310",8.62408,35.0544,3.93082409027778
"icr030313",8.62492,35.0535,3.93082409027778
"icr030315",8.62254,35.0497,3.93082409027778
"icr030319",8.64405,35.045,3.93082409027778
"icr030321",8.64543,35.046,3.93082409027778
"icr030323",8.64572,35.0442,3.93082409027778
"icr030324",8.64572,35.0442,3.93082409027778
"icr030325",8.65047,35.0515,3.93082409027778
"icr030326",8.6471,35.0527,3.93082409027778
"icr030328",8.64772,35.049,3.93082409027778
"icr030329",8.64772,35.049,3.93082409027778
"icr030330",8.64678,35.0486,3.93082409027778
"icr030331",8.64678,35.0486,3.93082409027778
"icr030332",8.64656,35.05,3.93082409027778
"icr030334",9.5747,42.6646,1.77173586805556
"icr030335",9.57485,42.6668,1.39056216666667
"icr030338",9.57082,42.6633,1.77173586805556
"icr030342",9.5746,42.6685,1.39056216666667
"icr030345",9.57561,42.6622,1.77173586805556
"icr030346",9.57105,42.6648,1.77173586805556
"icr030351",9.5978,42.6639,1.90733334722222
"icr030361",9.59646,42.6678,1.34500747916667
"icr030365",9.61545,42.67,1.34500747916667
"icr030366",9.61621,42.6631,1.90733334722222
"icr030369",9.61302,42.6662,1.90733334722222
"icr030370",9.61572,42.6645,1.90733334722222
"icr030371",9.61572,42.6645,1.90733334722222
"icr030372",9.61518,42.6655,1.90733334722222
"icr030373",9.61518,42.6655,1.90733334722222
"icr030375",9.61068,42.668,1.34500747916667
"icr030379",9.63182,42.6603,1.90733334722222
"icr030381",9.6356,42.6652,1.90733334722222
"icr030382",9.6356,42.6652,1.90733334722222
"icr030383",9.63701,42.6643,1.90733334722222
"icr030386",9.56341,42.6959,1.39056216666667
"icr030393",9.56083,42.6941,1.39056216666667
"icr030397",9.56423,42.6906,1.39056216666667
"icr030407",9.58398,42.69,1.34500747916667
"icr030408",9.58398,42.69,1.34500747916667
"icr030409",9.59122,42.6941,1.34500747916667
"icr030411",9.58551,42.6935,1.34500747916667
"icr030419",9.61572,42.6864,1.34500747916667
"icr030420",9.61236,42.6885,1.34500747916667
"icr030422",9.61791,42.6872,1.34500747916667
"icr030424",9.61676,42.6924,1.34500747916667
"icr030425",9.61179,42.6911,1.34500747916667
"icr030426",9.62883,42.6961,1.34500747916667
"icr030427",9.63117,42.6941,1.34500747916667
"icr030428",9.62812,42.694,1.34500747916667
"icr030432",9.63401,42.6944,1.34500747916667
"icr030434",9.63045,42.6934,1.34500747916667
"icr030435",9.63647,42.6925,1.34500747916667
"icr030475",9.58813,42.7083,1.34500747916667
"icr030480",9.61501,42.7077,1.34500747916667
"icr030481",9.61501,42.7077,1.34500747916667
"icr030482",9.61841,42.7104,1.34500747916667
"icr030483",9.61841,42.7104,1.34500747916667
"icr030485",9.61614,42.7058,1.34500747916667
"icr030486",9.61318,42.7073,1.34500747916667
"icr030488",9.61915,42.7039,1.34500747916667
"icr030489",9.61835,42.7084,1.34500747916667
"icr030490",9.61835,42.7084,1.34500747916667
"icr030492",9.62101,42.7046,1.34500747916667
"icr030493",9.6168,42.7048,1.34500747916667
"icr030495",9.6363,42.7197,1.34500747916667
"icr030513",9.5644,42.7308,1.39056216666667
"icr030514",9.5644,42.7308,1.39056216666667
"icr030515",9.56857,42.7323,1.39056216666667
"icr030529",9.5663,42.734,1.39056216666667
"icr030540",9.58583,42.7312,1.34500747916667
"icr030547",9.59219,42.7282,1.34500747916667
"icr030555",9.60924,42.7384,1.34500747916667
"icr030588",9.6335,42.7364,1.34500747916667
"icr033353",-0.147003,38.99,1.41117472222222
"icr033358",-0.148845,38.9983,1.41117472222222
"icr033360",-0.148078,38.9924,1.41117472222222
"icr033374",-0.134357,38.9905,1.41117472222222
"icr033379",-0.129598,38.9917,1.41117472222222
"icr033381",-0.129252,38.9893,1.41117472222222
"icr033391",-0.105332,38.9925,1.41117472222222
"icr033393",-0.102418,38.9889,1.41117472222222
"icr033394",-0.105678,38.9949,1.41117472222222
"icr033395",-0.102843,38.988,1.41117472222222
"icr033396",-0.107342,38.9924,1.41117472222222
"icr033398",-0.103025,38.9943,1.41117472222222
"icr033399",-0.103025,38.9943,1.41117472222222
"icr033400",-0.100543,38.9906,1.41117472222222
"icr033402",-0.106937,38.9951,1.41117472222222
"icr033403",-0.106937,38.9951,1.41117472222222
"icr033404",-0.101667,38.9937,1.41117472222222
"icr033405",-0.101667,38.9937,1.41117472222222
"icr033406",-0.10529,38.9924,1.41117472222222
"icr033408",-0.15258,39.0185,1.12699884722222
"icr033410",-0.149802,39.0191,1.12699884722222
"icr033411",-0.156065,39.0144,1.12699884722222
"icr033413",-0.151573,39.0203,1.12699884722222
"icr033414",-0.151573,39.0203,1.12699884722222
"icr033415",-0.156203,39.0157,1.12699884722222
"icr033416",-0.156203,39.0157,1.12699884722222
"icr033417",-0.155865,39.0216,1.12699884722222
"icr033419",-0.155982,39.0209,1.12699884722222
"icr033420",-0.155982,39.0209,1.12699884722222
"icr033430",-0.130358,39.0109,1.12699884722222
"icr033434",-0.130837,39.0106,1.12699884722222
"icr033444",-0.12446,39.0109,1.12699884722222
"icr033446",-0.129155,39.0107,1.12699884722222
"icr033447",-0.104105,39.0151,1.12699884722222
"icr033450",-0.106462,39.0146,1.12699884722222
"icr033451",-0.103222,39.0177,1.12699884722222
"icr033452",-0.103193,39.018,1.12699884722222
"icr033453",-0.103193,39.018,1.12699884722222
"icr033455",-0.110158,39.0132,1.12699884722222
"icr033457",-0.111572,39.0165,1.12699884722222
"icr033459",-0.106585,39.0214,1.12699884722222
"icr033465",-0.109863,39.0154,1.12699884722222
"icr033467",-0.148253,39.0405,1.12699884722222
"icr033469",-0.151383,39.0392,1.12699884722222
"icr033470",-0.150345,39.0412,1.12699884722222
"icr033471",-0.150345,39.0412,1.12699884722222
"icr033472",-0.149893,39.0397,1.12699884722222
"icr033473",-0.149893,39.0397,1.12699884722222
"icr033474",-0.149647,39.0411,1.12699884722222
"icr033475",-0.149647,39.0411,1.12699884722222
"icr033476",-0.153743,39.0346,1.12699884722222
"icr033477",-0.153743,39.0346,1.12699884722222
"icr033480",-0.153695,39.0419,1.12699884722222
"icr033481",-0.153695,39.0419,1.12699884722222
"icr033482",-0.153985,39.0375,1.12699884722222
"icr033483",-0.153985,39.0375,1.12699884722222
"icr033485",-0.14933,39.0424,1.12699884722222
"icr033490",-0.135488,39.036,1.12699884722222
"icr033492",-0.12865,39.035,1.12699884722222
"icr033494",-0.13653,39.0349,1.12699884722222
"icr033503",-0.133108,39.0349,1.12699884722222
"icr033507",-0.106482,39.0377,1.12699884722222
"icr033508",-0.107033,39.0337,1.12699884722222
"icr033509",-0.10847,39.0348,1.12699884722222
"icr033510",-0.10847,39.0348,1.12699884722222
"icr033511",-0.108073,39.0351,1.12699884722222
"icr033513",-0.109528,39.0349,1.12699884722222
"icr033515",-0.103948,39.0304,1.12699884722222
"icr033516",-0.103948,39.0304,1.12699884722222
"icr033518",-0.108913,39.0314,1.12699884722222
"icr033519",-0.110005,39.0318,1.12699884722222
"icr033520",-0.110005,39.0318,1.12699884722222
"icr033521",-0.106665,39.031,1.12699884722222
"icr033522",-0.106665,39.031,1.12699884722222
"icr033523",-0.105585,39.0299,1.12699884722222
"icr033524",-0.105585,39.0299,1.12699884722222
"icr033527",-0.151593,39.0648,1.12699884722222
"icr033528",-0.151593,39.0648,1.12699884722222
"icr033529",-0.155278,39.0631,1.12699884722222
"icr033530",-0.155278,39.0631,1.12699884722222
"icr033531",-0.151207,39.0571,1.12699884722222
"icr033532",-0.151207,39.0571,1.12699884722222
"icr033533",-0.155648,39.0565,1.12699884722222
"icr033535",-0.153388,39.0617,1.12699884722222
"icr033536",-0.153388,39.0617,1.12699884722222
"icr033541",-0.154778,39.0641,1.12699884722222
"icr033542",-0.154778,39.0641,1.12699884722222
"icr033545",-0.137943,39.058,1.12699884722222
"icr033550",-0.132847,39.0593,1.12699884722222
"icr033551",-0.129692,39.0601,1.12699884722222
"icr033552",-0.129692,39.0601,1.12699884722222
"icr033553",-0.134632,39.0599,1.12699884722222
"icr033554",-0.134632,39.0599,1.12699884722222
"icr033555",-0.13231,39.0533,1.12699884722222
"icr033557",-0.130803,39.0558,1.12699884722222
"icr033558",-0.130803,39.0558,1.12699884722222
"icr033559",-0.134973,39.0614,1.12699884722222
"icr033560",-0.134973,39.0614,1.12699884722222
"icr033561",-0.136013,39.0602,1.12699884722222
"icr033567",-0.109038,39.0565,1.12699884722222
"icr033568",-0.109145,39.0609,1.12699884722222
"icr033569",-0.109145,39.0609,1.12699884722222
"icr033570",-0.111072,39.0576,1.12699884722222
"icr033571",-0.107425,39.0611,1.12699884722222
"icr033572",-0.103495,39.0586,1.12699884722222
"icr033573",-0.103495,39.0586,1.12699884722222
"icr033575",-0.106502,39.0596,1.12699884722222
"icr033577",-0.111113,39.0548,1.12699884722222
"icr033580",-0.104208,39.0591,1.12699884722222
"icr033584",-0.088405,39.0637,1.12699884722222
"icr033588",-0.088708,39.0617,1.12699884722222
"icr033592",-0.089757,39.0633,1.12699884722222
"icr033593",-0.089757,39.0633,1.12699884722222
"icr033594",-0.088948,39.0567,1.12699884722222
"icr033595",-0.088948,39.0567,1.12699884722222
"icr033597",-0.09096,39.0572,1.12699884722222
"icr033598",-0.086252,39.0616,1.12699884722222
"icr033599",-0.086252,39.0616,1.12699884722222
"icr033601",-0.088426,39.0616,1.12699884722222
"icr033602",4.14386,38.2584,1.32652477083333
"icr033603",4.14386,38.2584,1.32652477083333
"icr033605",4.14264,38.2579,1.32652477083333
"icr033611",4.15002,38.2565,1.32652477083333
"icr033616",4.14559,38.2571,1.32652477083333
"icr033618",4.14975,38.2541,1.32652477083333
"icr033619",4.14572,38.2546,1.32652477083333
"icr033622",4.17809,38.2619,1.11831781944444
"icr033624",4.17714,38.2661,1.11831781944444
"icr033625",4.1758,38.2668,1.11831781944444
"icr033626",4.1758,38.2668,1.11831781944444
"icr033627",4.17508,38.2581,1.11831781944444
"icr033630",4.17559,38.2614,1.11831781944444
"icr033631",4.17457,38.263,1.11831781944444
"icr033632",4.17195,38.2613,1.11831781944444
"icr033633",4.17195,38.2613,1.11831781944444
"icr033634",4.1712,38.2613,1.11831781944444
"icr033635",4.1712,38.2613,1.11831781944444
"icr033636",4.17722,38.2606,1.11831781944444
"icr033637",4.1949,38.2583,1.11831781944444
"icr033638",4.1949,38.2583,1.11831781944444
"icr033640",4.192,38.255,1.11831781944444
"icr033643",4.19003,38.26,1.11831781944444
"icr033644",4.19661,38.2615,1.11831781944444
"icr033646",4.19682,38.2551,1.11831781944444
"icr033648",4.19322,38.2599,1.11831781944444
"icr033650",4.19403,38.2625,1.11831781944444
"icr033652",4.18988,38.2565,1.11831781944444
"icr033655",4.19718,38.2582,1.11831781944444
"icr033659",4.21886,38.2626,1.11831781944444
"icr033660",4.21564,38.2662,1.11831781944444
"icr033661",4.21564,38.2662,1.11831781944444
"icr033664",4.21335,38.2682,1.11831781944444
"icr033665",4.21335,38.2682,1.11831781944444
"icr033666",4.21713,38.2618,1.11831781944444
"icr033667",4.21713,38.2618,1.11831781944444
"icr033670",4.21679,38.2648,1.11831781944444
"icr033671",4.21679,38.2648,1.11831781944444
"icr033672",4.2104,38.2651,1.11831781944444
"icr033673",4.2104,38.2651,1.11831781944444
"icr033679",4.14918,38.2933,1.32652477083333
"icr033680",4.14943,38.2876,1.32652477083333
"icr033683",4.15603,38.2894,1.32652477083333
"icr033684",4.14876,38.2889,1.32652477083333
"icr033685",4.14876,38.2889,1.32652477083333
"icr033689",4.15513,38.2897,1.32652477083333
"icr033690",4.15103,38.2915,1.32652477083333
"icr033695",4.14842,38.2918,1.32652477083333
"icr033699",4.17199,38.2858,1.11831781944444
"icr033704",4.17902,38.2864,1.11831781944444
"icr033705",4.17902,38.2864,1.11831781944444
"icr033710",4.17214,38.2849,1.11831781944444
"icr033716",4.19774,38.2864,1.11831781944444
"icr033724",4.19504,38.283,1.11831781944444
"icr033727",4.1959,38.2857,1.11831781944444
"icr033729",4.19273,38.283,1.11831781944444
"icr033732",4.21692,38.2813,1.11831781944444
"icr033733",4.21692,38.2813,1.11831781944444
"icr033735",4.2226,38.2828,1.11831781944444
"icr033737",4.21852,38.2786,1.11831781944444
"icr033738",4.21978,38.2814,1.11831781944444
"icr033739",4.21978,38.2814,1.11831781944444
"icr033741",4.22215,38.2853,1.11831781944444
"icr033747",4.21649,38.2818,1.11831781944444
"icr033748",4.21693,38.2869,1.11831781944444
"icr033749",4.21693,38.2869,1.11831781944444
"icr033750",4.21704,38.2858,1.11831781944444
"icr033751",4.21704,38.2858,1.11831781944444
"icr033752",4.14851,38.312,1.32652477083333
"icr033754",4.1484,38.3164,1.32652477083333
"icr033756",4.14695,38.3123,1.32652477083333
"icr033757",4.15185,38.3118,1.32652477083333
"icr033760",4.14905,38.3125,1.32652477083333
"icr033767",4.14658,38.3156,1.32652477083333
"icr033768",4.14658,38.3156,1.32652477083333
"icr033769",4.14711,38.3176,1.32652477083333
"icr033772",4.17799,38.3071,1.11831781944444
"icr033780",4.17738,38.3054,1.11831781944444
"icr033781",4.1772,38.2998,1.11831781944444
"icr033782",4.1772,38.2998,1.11831781944444
"icr033787",4.17324,38.307,1.11831781944444
"icr033788",4.17324,38.307,1.11831781944444
"icr033792",4.19277,38.306,1.11831781944444
"icr033801",4.19524,38.3069,1.11831781944444
"icr033805",4.19897,38.3069,1.11831781944444
"icr033808",4.15949,38.2635,1.32652477083333
"icr033815",4.21298,38.3116,1.11831781944444
"icr033819",4.2146,38.317,1.11831781944444
"icr033820",4.2146,38.317,1.11831781944444
"icr033824",4.21502,38.316,1.11831781944444
"icr033829",4.21615,38.3119,1.11831781944444
"icr033833",4.14254,38.3344,0.886527894375
"icr033834",4.14254,38.3344,0.886527894375
"icr033845",4.13802,38.3313,1.32652477083333
"icr033846",4.13802,38.3313,1.32652477083333
"icr033847",4.1448,38.3262,1.32652477083333
"icr033856",4.16387,38.3298,1.32652477083333
"icr033858",4.16352,38.3355,0.886527894375
"icr033863",4.16698,38.3325,1.11831781944444
"icr033864",4.16698,38.3325,1.11831781944444
"icr033866",4.16748,38.3284,1.11831781944444
"icr033869",4.1689,38.3283,1.11831781944444
"icr033873",4.19949,38.3304,1.11831781944444
"icr033874",4.19631,38.3385,1.05909513819444
"icr033877",4.2003,38.3365,1.05909513819444
"icr033878",4.19466,38.3319,1.11831781944444
"icr033879",4.19466,38.3319,1.11831781944444
"icr033880",4.20193,38.3346,1.05909513819444
"icr033881",4.20193,38.3346,1.05909513819444
"icr033885",4.19614,38.3358,1.05909513819444
"icr033893",4.21153,38.3257,1.11831781944444
"icr033895",4.20845,38.3264,1.11831781944444
"icr033896",4.21125,38.3323,1.11831781944444
"icr033897",4.21125,38.3323,1.11831781944444
"icr033901",4.21192,38.3288,1.11831781944444
"icr033902",4.20682,38.3264,1.11831781944444
"icr033903",4.20682,38.3264,1.11831781944444
"icr033904",4.20794,38.3273,1.11831781944444
"icr033905",4.20794,38.3273,1.11831781944444
"icr033907",4.21362,38.3255,1.11831781944444
"icr034011",8.12668,9.88053,2.89730233333333
"icr034422",6.97758,9.34837,3.62623506944444
"icr034914",6.78028,4.69663,7.06852152777778
"icr037453",11.3294,-5.53406,2.76554888888889
"icr037454",11.3294,-5.53406,2.76554888888889
"icr037476",11.3446,-5.52968,2.87250506944444
"icr037492",11.2725,-5.51396,2.76554888888889
"icr037512",11.3026,-5.51329,2.76554888888889
"icr037531",11.3296,-5.51854,2.76554888888889
"icr037532",11.3296,-5.51854,2.76554888888889
"icr037574",11.283,-5.48649,2.94694709027778
"icr037575",11.283,-5.48649,2.94694709027778
"icr037590",11.3017,-5.48807,2.94694709027778
"icr037621",11.3154,-5.49626,2.94694709027778
"icr037626",11.3519,-5.48847,2.77097707638889
"icr037647",11.2726,-5.46404,2.94694709027778
"icr037676",11.2947,-5.47024,2.94694709027778
"icr037689",11.329,-5.46689,2.94694709027778
"icr037699",11.3497,-5.46978,2.77097707638889
"icr037767",5.26178,10.2234,5.98580590277778
"icr037788",5.28237,10.2291,5.98580590277778
"icr037808",5.30309,10.2282,5.98580590277778
"icr037843",5.23862,10.2581,4.70830923611111
"icr037851",5.25396,10.251,4.32577347222222
"icr037869",5.27954,10.2426,5.98580590277778
"icr037901",5.30427,10.2492,5.98580590277778
"icr037927",5.25546,10.2678,4.32577347222222
"icr037928",5.25546,10.2678,4.32577347222222
"icr037948",5.28252,10.2722,4.32577347222222
"icr037969",5.29722,10.2668,4.32577347222222
"icr037986",5.2338,10.2887,4.70830923611111
"icr037987",5.2338,10.2887,4.70830923611111
"icr038017",5.25533,10.2855,4.32577347222222
"icr038034",5.28466,10.2851,4.32577347222222
"icr038100",11.2594,39.5746,3.73025041666667
"icr038101",11.2594,39.5746,3.73025041666667
"icr038102",11.2647,39.5758,3.73025041666667
"icr038105",11.2601,39.5751,3.73025041666667
"icr038107",11.2659,39.5768,3.73025041666667
"icr038108",11.2608,39.5751,3.73025041666667
"icr038110",11.2667,39.5711,3.73025041666667
"icr038113",11.2653,39.5742,3.73025041666667
"icr038116",11.2621,39.5717,3.73025041666667
"icr038117",11.2621,39.5717,3.73025041666667
"icr038118",11.2813,39.5773,3.73025041666667
"icr038133",11.2834,39.5732,3.73025041666667
"icr038137",11.3057,39.5759,3.73025041666667
"icr038142",11.3088,39.572,3.73025041666667
"icr038144",11.3097,39.5746,3.73025041666667
"icr038147",11.3055,39.5733,3.73025041666667
"icr038148",11.3055,39.5733,3.73025041666667
"icr038150",11.3119,39.5745,3.73025041666667
"icr038154",11.3265,39.5724,3.73025041666667
"icr038156",11.3266,39.5773,3.73025041666667
"icr038158",11.3273,39.5738,3.73025041666667
"icr038162",11.3253,39.5737,3.73025041666667
"icr038167",11.322,39.5778,3.73025041666667
"icr038169",11.324,39.5746,3.73025041666667
"icr038176",11.2643,39.5922,4.29577159722222
"icr038191",11.2871,39.5973,4.29577159722222
"icr038193",11.2814,39.5934,4.29577159722222
"icr038197",11.2893,39.594,4.29577159722222
"icr038199",11.2842,39.595,4.29577159722222
"icr038200",11.2845,39.593,4.29577159722222
"icr038202",11.2851,39.5986,4.29577159722222
"icr038218",11.3089,39.5944,4.29577159722222
"icr038219",11.3089,39.5944,4.29577159722222
"icr038226",11.3074,39.5924,4.29577159722222
"icr038227",11.3284,39.5921,4.29577159722222
"icr038228",11.3284,39.5921,4.29577159722222
"icr038229",11.3304,39.5922,4.29577159722222
"icr038230",11.3304,39.5922,4.29577159722222
"icr038236",11.3282,39.591,4.29577159722222
"icr038237",11.3291,39.5904,4.29577159722222
"icr038239",11.3326,39.5935,4.29577159722222
"icr038242",11.3328,39.5954,4.29577159722222
"icr038243",11.3328,39.5954,4.29577159722222
"icr038249",11.2641,39.6222,4.29577159722222
"icr038256",11.2621,39.6185,4.29577159722222
"icr038258",11.2634,39.6148,4.29577159722222
"icr038260",11.2678,39.6172,4.29577159722222
"icr038263",11.2828,39.6215,4.29577159722222
"icr038273",11.2839,39.6152,4.29577159722222
"icr038278",11.2865,39.6172,4.29577159722222
"icr038281",11.283,39.6249,4.29577159722222
"icr038288",11.3061,39.6133,4.29577159722222
"icr038291",11.3028,39.6145,4.29577159722222
"icr038293",11.3066,39.6141,4.29577159722222
"icr038298",11.3043,39.6165,4.29577159722222
"icr038299",11.3336,39.6178,4.27120833333333
"icr038300",11.3336,39.6178,4.27120833333333
"icr038301",11.3307,39.6219,4.29577159722222
"icr038302",11.3343,39.6159,4.27120833333333
"icr038303",11.3343,39.6159,4.27120833333333
"icr038304",11.3284,39.6194,4.29577159722222
"icr038308",11.3275,39.6152,4.29577159722222
"icr038315",11.2656,39.6439,4.29577159722222
"icr038320",11.2641,39.6417,4.29577159722222
"icr038327",11.2645,39.6424,4.29577159722222
"icr038334",11.284,39.6395,4.29577159722222
"icr038342",11.2872,39.6377,4.29577159722222
"icr038345",11.2851,39.6333,4.29577159722222
"icr038354",11.3016,39.6408,4.29577159722222
"icr038356",11.3055,39.6381,4.29577159722222
"icr038357",11.309,39.6415,4.29577159722222
"icr038362",11.3046,39.6456,4.29577159722222
"icr038363",11.3096,39.6449,4.29577159722222
"icr038365",11.3099,39.638,4.29577159722222
"icr038368",11.329,39.6437,4.29577159722222
"icr038372",11.3275,39.6425,4.29577159722222
"icr038377",11.332,39.6426,4.29577159722222
"icr038379",11.3284,39.6474,4.29577159722222
"icr038380",11.3284,39.6474,4.29577159722222
"icr038381",11.3284,39.6397,4.29577159722222
"icr038384",11.326,39.6463,4.29577159722222
"icr041643",-2.66422,39.5153,0.963394861111111
"icr041647",-2.66408,39.51,0.963394861111111
"icr041648",-2.66408,39.51,0.963394861111111
"icr041649",-2.66072,39.5116,0.963394861111111
"icr041650",-2.66072,39.5116,0.963394861111111
"icr041651",-2.65861,39.5107,0.963394861111111
"icr041655",-2.66218,39.508,0.963394861111111
"icr041656",-2.66218,39.508,0.963394861111111
"icr041659",-2.64597,39.5133,0.963394861111111
"icr041662",-2.64318,39.5123,0.963394861111111
"icr041664",-2.64684,39.5155,0.963394861111111
"icr041672",-2.64524,39.5181,0.963394861111111
"icr041673",-2.64259,39.5186,0.963394861111111
"icr041679",-2.62335,39.5144,0.963394861111111
"icr041680",-2.62335,39.5144,0.963394861111111
"icr041685",-2.62896,39.5105,0.963394861111111
"icr041686",-2.62896,39.5105,0.963394861111111
"icr041696",-2.62865,39.5101,0.963394861111111
"icr041699",-2.60788,39.5163,0.963394861111111
"icr041702",-2.60237,39.5116,0.963394861111111
"icr041710",-2.60084,39.5168,0.963394861111111
"icr041715",-2.60339,39.5104,0.963394861111111
"icr041717",-2.59802,39.5169,0.963394861111111
"icr041724",-2.66865,39.5411,1.05634504166667
"icr041733",-2.66813,39.5331,1.05634504166667
"icr041734",-2.66813,39.5331,1.05634504166667
"icr041735",-2.66477,39.5368,0.963394861111111
"icr041738",-2.6644,39.537,0.963394861111111
"icr041740",-2.64416,39.5367,0.963394861111111
"icr041741",-2.64258,39.5311,0.963394861111111
"icr041743",-2.64701,39.5369,0.963394861111111
"icr041744",-2.64701,39.5369,0.963394861111111
"icr041746",-2.64482,39.5377,0.963394861111111
"icr041747",-2.64817,39.534,0.963394861111111
"icr041748",-2.64817,39.534,0.963394861111111
"icr041750",-2.64303,39.5303,0.963394861111111
"icr041751",-2.6443,39.5298,0.963394861111111
"icr041755",-2.6454,39.5385,0.963394861111111
"icr041758",-2.64473,39.5346,0.963394861111111
"icr041765",-2.62622,39.5357,0.963394861111111
"icr041766",-2.62622,39.5357,0.963394861111111
"icr041777",-2.62309,39.5359,0.963394861111111
"icr041778",-2.62309,39.5359,0.963394861111111
"icr041786",-2.5978,39.5368,0.963394861111111
"icr041789",-2.59727,39.5393,0.963394861111111
"icr041790",-2.59727,39.5393,0.963394861111111
"icr041798",-2.59879,39.5331,0.963394861111111
"icr041808",-2.66574,39.555,0.963394861111111
"icr041812",-2.67035,39.5537,1.05634504166667
"icr041813",-2.67022,39.5611,1.05634504166667
"icr041816",-2.66747,39.5532,1.05634504166667
"icr041820",-2.64218,39.5501,0.963394861111111
"icr041821",-2.63905,39.5517,0.963394861111111
"icr041824",-2.63966,39.5543,0.963394861111111
"icr041825",-2.64367,39.5539,0.963394861111111
"icr041826",-2.64367,39.5539,0.963394861111111
"icr041830",-2.63949,39.5545,0.963394861111111
"icr041833",-2.63809,39.555,0.963394861111111
"icr041834",-2.64161,39.5567,0.963394861111111
"icr041837",-2.64195,39.5571,0.963394861111111
"icr041838",-2.61966,39.5527,0.963394861111111
"icr041841",-2.62366,39.5582,0.963394861111111
"icr041847",-2.62126,39.5543,0.963394861111111
"icr041853",-2.62124,39.557,0.963394861111111
"icr041854",-2.6252,39.5539,0.963394861111111
"icr041859",-2.60103,39.5649,0.963394861111111
"icr041861",-2.59594,39.5588,0.963394861111111
"icr041865",-2.59963,39.5639,0.963394861111111
"icr041868",-2.60097,39.5636,0.963394861111111
"icr041872",-2.59715,39.5619,0.963394861111111
"icr041873",-2.59715,39.5619,0.963394861111111
"icr041878",-2.66731,39.5762,1.05634504166667
"icr041879",-2.66731,39.5762,1.05634504166667
"icr041881",-2.66645,39.5813,0.963394861111111
"icr041882",-2.66729,39.5832,1.05634504166667
"icr041883",-2.66729,39.5832,1.05634504166667
"icr041884",-2.66719,39.5776,1.05634504166667
"icr041885",-2.66719,39.5776,1.05634504166667
"icr041887",-2.67065,39.5795,1.05634504166667
"icr041888",-2.6644,39.5797,0.963394861111111
"icr041890",-2.66428,39.5821,0.963394861111111
"icr041891",-2.66428,39.5821,0.963394861111111
"icr041892",-2.66843,39.5829,1.05634504166667
"icr041894",-2.66806,39.583,1.05634504166667
"icr041896",-2.66499,39.5784,0.963394861111111
"icr041898",-2.64557,39.579,0.963394861111111
"icr041899",-2.64557,39.579,0.963394861111111
"icr041901",-2.64874,39.5819,0.963394861111111
"icr041903",-2.65228,39.5796,0.963394861111111
"icr041904",-2.64658,39.5776,0.963394861111111
"icr041905",-2.64658,39.5776,0.963394861111111
"icr041907",-2.64917,39.5813,0.963394861111111
"icr041911",-2.64423,39.58,0.963394861111111
"icr041912",-2.64897,39.5824,0.963394861111111
"icr041914",-2.64766,39.5764,0.963394861111111
"icr041916",-2.62039,39.5774,0.963394861111111
"icr041917",-2.62141,39.5784,0.963394861111111
"icr041922",-2.62733,39.5845,1.20702738194444
"icr041924",-2.62409,39.5823,0.963394861111111
"icr041925",-2.62612,39.5767,0.963394861111111
"icr041926",-2.62612,39.5767,0.963394861111111
"icr041928",-2.62097,39.5804,0.963394861111111
"icr041930",-2.62218,39.5804,0.963394861111111
"icr041932",-2.62584,39.5816,0.963394861111111
"icr041935",-2.60346,39.582,0.963394861111111
"icr041938",-2.60262,39.584,1.20702738194444
"icr041940",-2.60026,39.5822,0.963394861111111
"icr041944",-2.60146,39.5849,1.20702738194444
"icr041946",-2.60328,39.5815,0.963394861111111
"icr041949",-2.60591,39.586,1.20702738194444
"icr041952",-2.60804,39.5799,0.963394861111111
"icr041987",-1.75931,35.7747,2.36296031944444
"icr041990",-1.75654,35.7741,2.36296031944444
"icr041992",-1.75783,35.777,2.36296031944444
"icr041993",-1.75783,35.777,2.36296031944444
"icr041998",-1.75729,35.5682,2.12742616666667
"icr041999",-1.76011,35.7759,2.36296031944444
"icr042007",-1.7219,35.7754,2.25067060416667
"icr042021",-1.73245,35.7739,2.25067060416667
"icr042024",-1.70596,35.7807,2.25067060416667
"icr042025",-1.70596,35.7807,2.25067060416667
"icr042033",-1.70827,35.7759,2.25067060416667
"icr042037",-1.7011,35.7806,2.25067060416667
"icr042039",-1.70485,35.7811,2.25067060416667
"icr042043",-1.7097,35.7783,2.25067060416667
"icr042046",-1.69288,35.7809,2.25067060416667
"icr042049",-1.68905,35.7781,2.25067060416667
"icr042053",-1.68712,35.7782,2.25067060416667
"icr042056",-1.68901,35.777,2.25067060416667
"icr042065",-1.75111,35.7983,2.36296031944444
"icr042066",-1.75463,35.8012,2.36296031944444
"icr042069",-1.75065,35.7986,2.36296031944444
"icr042070",-1.75445,35.8002,2.36296031944444
"icr042074",-1.75746,35.7996,2.36296031944444
"icr042075",-1.75746,35.7996,2.36296031944444
"icr042077",-1.75429,35.7944,2.36296031944444
"icr042080",-1.73334,35.8031,2.25067060416667
"icr042082",-1.72689,35.8027,2.25067060416667
"icr042083",-1.72689,35.8027,2.25067060416667
"icr042089",-1.73511,35.7993,2.25067060416667
"icr042099",-1.70413,35.805,2.25067060416667
"icr042102",-1.7093,35.8051,2.25067060416667
"icr042103",-1.7121,35.8049,2.25067060416667
"icr042107",-1.71253,35.8016,2.25067060416667
"icr042108",-1.70867,35.7996,2.25067060416667
"icr042109",-1.70867,35.7996,2.25067060416667
"icr042113",-1.70868,35.8005,2.25067060416667
"icr042114",-1.70868,35.8005,2.25067060416667
"icr042116",-1.68291,35.8066,2.25067060416667
"icr042117",-1.67826,35.8012,2.25067060416667
"icr042118",-1.67826,35.8012,2.25067060416667
"icr042121",-1.68164,35.7984,2.25067060416667
"icr042122",-1.6841,35.8048,2.25067060416667
"icr042132",-1.68664,35.8018,2.25067060416667
"icr042141",-1.75321,35.8226,2.36296031944444
"icr042142",-1.75321,35.8226,2.36296031944444
"icr042146",-1.75259,35.8261,2.36296031944444
"icr042147",-1.7511,35.8269,2.36296031944444
"icr042148",-1.7511,35.8269,2.36296031944444
"icr042149",-1.74976,35.8199,2.25067060416667
"icr042151",-1.75503,35.8264,2.36296031944444
"icr042152",-1.73084,35.8127,2.25067060416667
"icr042162",-1.72833,35.8188,2.25067060416667
"icr042165",-1.73181,35.8142,2.25067060416667
"icr042168",-1.72812,35.8196,2.25067060416667
"icr042170",-1.70667,35.8239,2.25067060416667
"icr042177",-1.70946,35.8198,2.25067060416667
"icr042179",-1.70423,35.822,2.25067060416667
"icr042180",-1.70689,35.8248,2.25067060416667
"icr042181",-1.71055,35.8236,2.25067060416667
"icr042186",-1.71035,35.8188,2.25067060416667
"icr042189",-1.68408,35.8181,2.25067060416667
"icr042191",-1.68677,35.821,2.25067060416667
"icr042192",-1.68677,35.821,2.25067060416667
"icr042193",-1.68284,35.821,2.25067060416667
"icr042195",-1.68385,35.8208,2.25067060416667
"icr042200",-1.68849,35.8226,2.25067060416667
"icr042201",-1.68727,35.8223,2.25067060416667
"icr042203",-1.68562,35.822,2.25067060416667
"icr042204",-1.68444,35.8182,2.25067060416667
"icr042205",-1.68444,35.8182,2.25067060416667
"icr042210",-1.75664,35.8476,4.92507840277778
"icr042215",-1.75668,35.8488,4.92507840277778
"icr042222",-1.75264,35.8479,4.92507840277778
"icr042224",-1.75259,35.846,4.92507840277778
"icr042226",-1.7563,35.8493,4.92507840277778
"icr042228",-1.73155,35.8449,3.65283194444444
"icr042229",-1.72731,35.8403,3.65283194444444
"icr042230",-1.72731,35.8403,3.65283194444444
"icr042233",-1.729,35.8392,3.65283194444444
"icr042234",-1.729,35.8392,3.65283194444444
"icr042235",-1.73075,35.8375,3.65283194444444
"icr042236",-1.73075,35.8375,3.65283194444444
"icr042238",-1.73031,35.8373,3.65283194444444
"icr042239",-1.73143,35.8424,3.65283194444444
"icr042240",-1.73143,35.8424,3.65283194444444
"icr042241",-1.7336,35.8439,3.65283194444444
"icr042242",-1.7336,35.8439,3.65283194444444
"icr042243",-1.73065,35.8404,3.65283194444444
"icr042245",-1.73044,35.8379,3.65283194444444
"icr042246",-1.73044,35.8379,3.65283194444444
"icr042248",-1.70844,35.8416,3.65283194444444
"icr042249",-1.71006,35.8461,3.65283194444444
"icr042252",-1.71021,35.8457,3.65283194444444
"icr042253",-1.70868,35.8417,3.65283194444444
"icr042258",-1.70906,35.8411,3.65283194444444
"icr042260",-1.71069,35.8426,3.65283194444444
"icr042262",-1.70611,35.8478,3.65283194444444
"icr042263",-1.71188,35.8468,3.65283194444444
"icr042265",-1.68765,35.854,3.65283194444444
"icr042266",-1.68765,35.854,3.65283194444444
"icr042267",-1.68509,35.8545,3.65283194444444
"icr042268",-1.68509,35.8545,3.65283194444444
"icr042271",-1.68461,35.8518,3.65283194444444
"icr042273",-1.68677,35.8528,3.65283194444444
"icr042275",-1.68789,35.8544,3.65283194444444
"icr042279",-1.69173,35.8531,3.65283194444444
"icr042280",-1.68759,35.848,3.65283194444444
"icr042281",-1.68759,35.848,3.65283194444444
"icr042282",-1.68592,35.8489,3.65283194444444
"icr042283",-1.68592,35.8489,3.65283194444444
"icr042790",10.472,-13.4241,5.89839722222222
"icr042811",10.4973,-13.4223,5.89839722222222
"icr042836",10.5189,-13.433,5.36115951388889
"icr042867",10.4776,-13.4006,5.98454298611111
"icr042896",10.502,-13.4044,5.78882701388889
"icr042930",10.5333,-13.4109,5.78882701388889
"icr042947",10.4771,-13.3736,5.98454298611111
"icr042967",10.4913,-13.3806,5.98454298611111
"icr042990",10.5214,-13.3803,5.78882701388889
"icr043068",10.5158,-13.3578,5.78882701388889
"icr043152",11.916,-13.1753,4.20364430555556
"icr043153",11.916,-13.1753,4.20364430555556
"icr043173",11.9427,-13.174,4.21228916666667
"icr043212",11.9075,-13.155,4.26601875
"icr043231",11.922,-13.1527,3.75529909722222
"icr043248",11.9421,-13.1575,3.75529909722222
"icr043266",11.962,-13.1532,3.75529909722222
"icr043287",11.9051,-13.1304,4.26601875
"icr043300",11.9282,-13.1339,3.75529909722222
"icr043333",11.9678,-13.1298,3.75529909722222
"icr043347",11.8947,-13.1076,4.26601875
"icr043348",11.8947,-13.1076,4.26601875
"icr043401",11.964,-13.1054,3.75529909722222
"icr048451",-27.6111,30.0127,1.98826848611111
"icr048485",-27.5684,30.0228,2.6344728125
"icr048520",-27.6131,30.045,1.98826848611111
"icr048567",-27.535,30.0388,2.6344728125
"icr048585",-27.602,30.06,1.98826848611111
"icr048642",-27.5431,30.071,2.6344728125
"icr048664",-27.6154,30.0861,1.9243495
"icr048665",-27.6154,30.0861,1.9243495
"icr048704",-27.5677,30.0907,2.7636999375
"icr048722",-27.545,30.0929,2.7636999375
"icr048755",-29.8085,23.9044,0.403224249722222
"icr048794",-29.8323,23.9373,0.444533502777778
"icr048825",-29.7962,23.9288,0.444533502777778
"icr048837",-29.7781,23.933,0.444533502777778
"icr048838",-29.7781,23.933,0.444533502777778
"icr048900",-29.7687,23.9539,0.444533502777778
"icr048931",-29.8198,23.9758,0.444533502777778
"icr048932",-29.816,23.9757,0.444533502777778
"icr048942",-29.8188,23.9729,0.444533502777778
"icr048960",-29.7994,23.9793,0.444533502777778
"icr049069",-29.9001,22.7369,0.416231177222222
"icr049074",-29.9813,22.7623,0.424159331944444
"icr049154",-29.9327,22.7786,0.424159331944444
"icr049735",-18.0481,36.8669,5.56266979166667
"icr049934",-24.1884,34.3459,4.51011979166667
"icr050155",-16.163,38.9411,3.48614499305556
"icr050175",-16.1334,38.9411,3.48614499305556
"icr050214",-16.1743,38.9629,3.62347977777778
"icr050215",-16.1743,38.9629,3.62347977777778
"icr050234",-16.1571,38.9563,3.48614499305556
"icr050254",-16.1273,38.9553,3.48614499305556
"icr050274",-16.1156,38.9655,3.48614499305556
"icr050294",-16.1782,38.9906,3.62347977777778
"icr050354",-16.1163,38.9861,3.48614499305556
"icr050355",-16.1163,38.9861,3.48614499305556
"icr050395",-16.1478,39.0038,3.096488625
"icr050415",-16.1377,39.0037,3.096488625
"icr050435",-16.1104,39.0111,3.096488625
"icr054165",0.491363,32.2707,5.39825534722222
"icr054174",0.495695,32.2655,5.39825534722222
"icr054175",0.492932,32.2657,5.39825534722222
"icr054176",0.492932,32.2657,5.39825534722222
"icr054181",0.49572,32.268,5.39825534722222
"icr054182",0.49572,32.268,5.39825534722222
"icr054186",0.516452,32.2623,5.39312118055556
"icr054187",0.518642,32.2644,5.39312118055556
"icr054188",0.5149,32.267,5.39312118055556
"icr054189",0.5149,32.267,5.39312118055556
"icr054190",0.514113,32.2703,5.39312118055556
"icr054191",0.514113,32.2703,5.39312118055556
"icr054194",0.519997,32.2686,5.39312118055556
"icr054200",0.518675,32.2689,5.39312118055556
"icr054201",0.533473,32.268,5.39312118055556
"icr054202",0.533473,32.268,5.39312118055556
"icr054204",0.531513,32.2718,5.39312118055556
"icr054205",0.534177,32.2723,5.39312118055556
"icr054208",0.536013,32.2683,5.39312118055556
"icr054210",0.531577,32.2687,5.39312118055556
"icr054212",0.536057,32.2714,5.39312118055556
"icr054214",0.531202,32.2686,5.39312118055556
"icr054219",0.536393,32.2701,5.39312118055556
"icr054222",0.548258,32.2637,5.39312118055556
"icr054230",0.550943,32.2683,5.39312118055556
"icr054232",0.550885,32.2664,5.39312118055556
"icr054234",0.555202,32.2614,5.39312118055556
"icr054235",0.555202,32.2614,5.39312118055556
"icr054236",0.555262,32.2638,5.39312118055556
"icr054245",0.495485,32.2902,5.39825534722222
"icr054247",0.493262,32.2885,5.39825534722222
"icr054250",0.498507,32.2848,5.39825534722222
"icr054251",0.498507,32.2848,5.39825534722222
"icr054256",0.498793,32.2833,5.39825534722222
"icr054257",0.498793,32.2833,5.39825534722222
"icr054260",0.511197,32.2863,5.39312118055556
"icr054267",0.507422,32.2859,5.39312118055556
"icr054269",0.50801,32.2872,5.39312118055556
"icr054270",0.50801,32.2872,5.39312118055556
"icr054274",0.509943,32.2881,5.39312118055556
"icr054285",0.540313,32.287,5.39312118055556
"icr054286",0.540313,32.287,5.39312118055556
"icr054287",0.539373,32.2901,5.39312118055556
"icr054288",0.539373,32.2901,5.39312118055556
"icr054289",0.541197,32.2894,5.39312118055556
"icr054292",0.5408,32.2892,5.39312118055556
"icr054293",0.564458,32.2933,5.39312118055556
"icr054294",0.564458,32.2933,5.39312118055556
"icr054296",0.561413,32.2848,5.39312118055556
"icr054301",0.565265,32.2927,5.39312118055556
"icr054302",0.565265,32.2927,5.39312118055556
"icr054304",0.564143,32.2905,5.39312118055556
"icr054307",0.560257,32.2847,5.39312118055556
"icr054308",0.560257,32.2847,5.39312118055556
"icr054309",0.558122,32.2889,5.39312118055556
"icr054310",0.558122,32.2889,5.39312118055556
"icr054312",0.561995,32.2906,5.39312118055556
"icr054315",0.49694,32.3039,5.39825534722222
"icr054316",0.49694,32.3039,5.39825534722222
"icr054317",0.501647,32.3089,5.39312118055556
"icr054321",0.500802,32.31,5.39312118055556
"icr054322",0.49725,32.3051,5.39825534722222
"icr054323",0.49725,32.3051,5.39825534722222
"icr054324",0.496157,32.3109,5.39825534722222
"icr054325",0.496157,32.3109,5.39825534722222
"icr054326",0.501558,32.3098,5.39312118055556
"icr054328",0.499657,32.3115,5.39825534722222
"icr054329",0.499657,32.3115,5.39825534722222
"icr054330",0.51595,32.3054,5.39312118055556
"icr054332",0.515438,32.3065,5.39312118055556
"icr054334",0.514325,32.3052,5.39312118055556
"icr054336",0.51216,32.3067,5.39312118055556
"icr054340",0.511175,32.3022,5.39312118055556
"icr054342",0.508083,32.3045,5.39312118055556
"icr054345",0.5386,32.3117,5.39312118055556
"icr054348",0.543095,32.3149,5.39312118055556
"icr054351",0.538288,32.3111,5.39312118055556
"icr054353",0.538608,32.3113,5.39312118055556
"icr054354",0.539425,32.3158,5.39312118055556
"icr054356",0.539888,32.3153,5.39312118055556
"icr054357",0.541437,32.3103,5.39312118055556
"icr054358",0.540255,32.3145,5.39312118055556
"icr054361",0.554287,32.3114,5.39312118055556
"icr054362",0.554787,32.3069,5.39312118055556
"icr054363",0.559945,32.3069,5.39312118055556
"icr054364",0.559945,32.3069,5.39312118055556
"icr054365",0.553338,32.3041,5.39312118055556
"icr054367",0.558193,32.3041,5.39312118055556
"icr054368",0.552697,32.3077,5.39312118055556
"icr054369",0.554045,32.3071,5.39312118055556
"icr054370",0.555343,32.3041,5.39312118055556
"icr054371",0.552132,32.308,5.39312118055556
"icr054372",0.554935,32.3075,5.39312118055556
"icr054373",0.554935,32.3075,5.39312118055556
"icr054374",0.494473,32.3359,5.19158805555556
"icr054381",0.49426,32.3347,5.19158805555556
"icr054382",0.492588,32.3353,5.19158805555556
"icr054385",0.493685,32.3396,5.19158805555556
"icr054386",0.492928,32.3383,5.19158805555556
"icr054387",0.510742,32.3394,5.19424006944444
"icr054388",0.510742,32.3394,5.19424006944444
"icr054390",0.515467,32.3371,5.19424006944444
"icr054391",0.5126,32.3356,5.19424006944444
"icr054394",0.51406,32.3334,5.19424006944444
"icr054395",0.509302,32.3362,5.19424006944444
"icr054396",0.509302,32.3362,5.19424006944444
"icr054399",0.512625,32.3415,5.19424006944444
"icr054400",0.511635,32.3334,5.19424006944444
"icr054402",0.51395,32.334,5.19424006944444
"icr054403",0.51395,32.334,5.19424006944444
"icr054405",0.527363,32.3291,5.39312118055556
"icr054407",0.528638,32.3306,5.39312118055556
"icr054408",0.529697,32.3348,5.19424006944444
"icr054410",0.52496,32.3321,5.39312118055556
"icr054411",0.52496,32.3321,5.39312118055556
"icr054414",0.530985,32.3292,5.39312118055556
"icr054415",0.529447,32.332,5.39312118055556
"icr054416",0.529447,32.332,5.39312118055556
"icr054417",0.53438,32.3317,5.39312118055556
"icr054421",0.559897,32.3369,5.19424006944444
"icr054423",0.559787,32.3296,5.39312118055556
"icr054426",0.56059,32.3307,5.39312118055556
"icr054427",0.56059,32.3307,5.39312118055556
"icr054433",0.564265,32.3299,5.39312118055556
"icr054434",0.564265,32.3299,5.39312118055556
"icr054438",1.45866,31.4668,5.54822875
"icr054439",1.45937,31.4688,5.54822875
"icr054440",1.45937,31.4688,5.54822875
"icr054443",1.4525,31.4739,5.54822875
"icr054444",1.45501,31.4721,5.54822875
"icr054445",1.45247,31.4674,5.54822875
"icr054446",1.45247,31.4674,5.54822875
"icr054448",1.45919,31.4672,5.54822875
"icr054449",1.45728,31.4722,5.54822875
"icr054450",1.45728,31.4722,5.54822875
"icr054451",1.45739,31.4674,5.54822875
"icr054454",1.45534,31.4667,5.54822875
"icr054455",1.47382,31.461,5.54822875
"icr054457",1.47347,31.462,5.54822875
"icr054460",1.47887,31.4606,5.54822875
"icr054462",1.47133,31.4632,5.54822875
"icr054463",1.47757,31.4613,5.54822875
"icr054464",1.47757,31.4613,5.54822875
"icr054465",1.47488,31.4589,5.54822875
"icr054467",1.47861,31.465,5.54822875
"icr054468",1.47552,31.4596,5.54822875
"icr054471",1.50021,31.4667,5.43646423611111
"icr054474",1.50508,31.4704,5.43646423611111
"icr054476",1.50315,31.4674,5.43646423611111
"icr054479",1.50202,31.4658,5.43646423611111
"icr054481",1.49888,31.4679,5.54822875
"icr054487",1.52627,31.4638,5.43646423611111
"icr054498",1.52402,31.4689,5.43646423611111
"icr054499",1.52402,31.4689,5.43646423611111
"icr054503",1.46231,31.4903,5.54822875
"icr054506",1.455,31.4912,5.54822875
"icr054509",1.45982,31.4869,5.54822875
"icr054510",1.45887,31.496,5.54822875
"icr054512",1.46189,31.4886,5.54822875
"icr054514",1.46145,31.4948,5.54822875
"icr054518",1.47937,31.4895,5.54822875
"icr054520",1.4778,31.4955,5.54822875
"icr054521",1.48012,31.4969,5.54822875
"icr054522",1.48105,31.4947,5.54822875
"icr054523",1.48189,31.495,5.54822875
"icr054524",1.48189,31.495,5.54822875
"icr054526",1.48038,31.4913,5.54822875
"icr054527",1.48116,31.4922,5.54822875
"icr054529",1.50298,31.4909,5.43646423611111
"icr054531",1.50588,31.4935,5.43646423611111
"icr054532",1.50696,31.4972,5.43646423611111
"icr054534",1.50162,31.4988,5.43646423611111
"icr054540",1.50375,31.4954,5.43646423611111
"icr054545",1.50629,31.4969,5.43646423611111
"icr054552",1.52202,31.4843,5.43646423611111
"icr054556",1.52404,31.4855,5.43646423611111
"icr054557",1.52404,31.4855,5.43646423611111
"icr054560",1.51928,31.4842,5.43646423611111
"icr054561",1.51928,31.4842,5.43646423611111
"icr054563",1.52211,31.4845,5.43646423611111
"icr054564",1.46221,31.5075,5.35050854166667
"icr054566",1.46008,31.5117,5.35050854166667
"icr054573",1.46083,31.5104,5.35050854166667
"icr054574",1.46137,31.5126,5.35050854166667
"icr054575",1.46137,31.5126,5.35050854166667
"icr054579",1.46078,31.509,5.35050854166667
"icr054581",1.46282,31.5114,5.35050854166667
"icr054592",1.47383,31.5106,5.35050854166667
"icr054595",1.48078,31.5108,5.35050854166667
"icr054596",1.47886,31.5165,5.35050854166667
"icr054598",1.47667,31.5098,5.35050854166667
"icr054605",1.50187,31.5101,5.36710770833333
"icr054611",1.5038,31.5106,5.36710770833333
"icr054614",1.50108,31.5082,5.36710770833333
"icr054617",1.49741,31.5137,5.35050854166667
"icr054621",1.52587,31.5137,5.36710770833333
"icr054626",1.52023,31.5171,5.36710770833333
"icr054630",1.52248,31.5136,5.36710770833333
"icr054632",1.52243,31.5173,5.36710770833333
"icr054633",1.51932,31.5151,5.36710770833333
"icr054635",1.5233,31.5146,5.36710770833333
"icr054638",1.45505,31.538,5.35050854166667
"icr054639",1.45527,31.5401,5.35050854166667
"icr054643",1.45752,31.5334,5.35050854166667
"icr054644",1.45752,31.5334,5.35050854166667
"icr054645",1.4588,31.5344,5.35050854166667
"icr054646",1.45689,31.5344,5.35050854166667
"icr054649",1.45665,31.5366,5.35050854166667
"icr054651",1.46114,31.5423,5.35050854166667
"icr054653",1.45535,31.5382,5.35050854166667
"icr054654",1.46132,31.538,5.35050854166667
"icr054665",1.47573,31.5362,5.35050854166667
"icr054667",1.47455,31.5298,5.35050854166667
"icr054671",1.47293,31.5301,5.35050854166667
"icr054673",1.47342,31.529,5.35050854166667
"icr054677",1.5016,31.5351,5.36710770833333
"icr054683",1.50255,31.5347,5.36710770833333
"icr054684",1.50046,31.534,5.36710770833333
"icr054703",1.52533,31.5392,5.36710770833333
"icr054709",1.52303,31.5386,5.36710770833333
"icr054710",1.52303,31.5386,5.36710770833333
"icr054713",1.52372,31.5425,5.36710770833333
"icr055982",-13.1011,28.4587,3.29337020138889
"icr056141",-13.1019,28.503,3.96960052083333
"icr056142",-13.1019,28.503,3.96960052083333
"icr056220",-16.0929,28.2664,3.43047197916667
"icr056281",-16.1128,28.2799,3.43047197916667
"icr056360",-16.114,28.308,3.43047197916667
"icr056500",-16.0438,28.3297,3.20412688888889
"icr056501",-16.0438,28.3297,3.20412688888889
"icr062136",-18.3426,48.6886,6.66202847222222
"icr062137",-18.3426,48.6886,6.66202847222222
"icr062138",-18.3421,48.6928,6.66202847222222
"icr062139",-18.3469,48.6872,6.66202847222222
"icr062141",-18.3452,48.6894,6.66202847222222
"icr062142",-18.3452,48.6894,6.66202847222222
"icr062143",-18.3466,48.6887,6.66202847222222
"icr062145",-18.3458,48.6872,6.66202847222222
"icr062147",-18.3482,48.6914,6.66202847222222
"icr062148",-18.3482,48.6914,6.66202847222222
"icr062149",-18.3464,48.6936,6.66202847222222
"icr062151",-18.3417,48.6911,6.66202847222222
"icr062152",-18.3417,48.6911,6.66202847222222
"icr062153",-18.342,48.6897,6.66202847222222
"icr062157",-18.3113,48.6871,6.63745847222222
"icr062158",-18.3113,48.6871,6.63745847222222
"icr062159",-18.3158,48.6861,6.63745847222222
"icr062160",-18.3158,48.6861,6.63745847222222
"icr062162",-18.3113,48.6857,6.63745847222222
"icr062164",-18.3164,48.6929,6.63745847222222
"icr062165",-18.3145,48.689,6.63745847222222
"icr062166",-18.3145,48.689,6.63745847222222
"icr062167",-18.3171,48.6913,6.63745847222222
"icr062168",-18.3171,48.6913,6.63745847222222
"icr062169",-18.3108,48.6868,6.63745847222222
"icr062170",-18.3108,48.6868,6.63745847222222
"icr062173",-18.3148,48.6853,6.63745847222222
"icr062175",-18.2959,48.692,6.63745847222222
"icr062178",-18.2981,48.6935,6.63745847222222
"icr062179",-18.3041,48.6889,6.63745847222222
"icr062180",-18.3041,48.6889,6.63745847222222
"icr062181",-18.3017,48.6942,6.63745847222222
"icr062182",-18.3017,48.6942,6.63745847222222
"icr062183",-18.301,48.6864,6.63745847222222
"icr062184",-18.301,48.6864,6.63745847222222
"icr062186",-18.3038,48.6902,6.63745847222222
"icr062187",-18.3016,48.6897,6.63745847222222
"icr062188",-18.3016,48.6897,6.63745847222222
"icr062190",-18.3004,48.6908,6.63745847222222
"icr062194",-18.3019,48.6878,6.63745847222222
"icr062195",-18.2759,48.6875,6.63745847222222
"icr062196",-18.2759,48.6875,6.63745847222222
"icr062197",-18.2779,48.6879,6.63745847222222
"icr062199",-18.2763,48.6856,6.63745847222222
"icr062200",-18.2763,48.6856,6.63745847222222
"icr062201",-18.2806,48.6847,6.63745847222222
"icr062202",-18.2806,48.6847,6.63745847222222
"icr062203",-18.2833,48.688,6.63745847222222
"icr062204",-18.2833,48.688,6.63745847222222
"icr062206",-18.282,48.6927,6.63745847222222
"icr062208",-18.2809,48.6933,6.63745847222222
"icr062209",-18.2811,48.6918,6.63745847222222
"icr062210",-18.2811,48.6918,6.63745847222222
"icr062211",-18.2798,48.6881,6.63745847222222
"icr062212",-18.2798,48.6881,6.63745847222222
"icr062213",-18.2774,48.6938,6.63745847222222
"icr062214",-18.2774,48.6938,6.63745847222222
"icr062219",-18.3374,48.7164,6.66202847222222
"icr062220",-18.3374,48.7164,6.66202847222222
"icr062222",-18.3344,48.7123,6.66202847222222
"icr062224",-18.3413,48.7164,6.66202847222222
"icr062227",-18.3377,48.7087,6.66202847222222
"icr062228",-18.3377,48.7087,6.66202847222222
"icr062230",-18.3398,48.7148,6.66202847222222
"icr062231",-18.3386,48.714,6.66202847222222
"icr062234",-18.3387,48.709,6.66202847222222
"icr062237",-18.3233,48.7092,6.63745847222222
"icr062238",-18.3233,48.7092,6.63745847222222
"icr062239",-18.3239,48.7149,6.63745847222222
"icr062241",-18.3228,48.7156,6.63745847222222
"icr062242",-18.3228,48.7156,6.63745847222222
"icr062243",-18.3216,48.7144,6.63745847222222
"icr062244",-18.3216,48.7144,6.63745847222222
"icr062246",-18.3236,48.7156,6.63745847222222
"icr062247",-18.317,48.7119,6.63745847222222
"icr062248",-18.317,48.7119,6.63745847222222
"icr062249",-18.3219,48.7139,6.63745847222222
"icr062250",-18.3219,48.7139,6.63745847222222
"icr062251",-18.3216,48.7118,6.63745847222222
"icr062252",-18.3216,48.7118,6.63745847222222
"icr062253",-18.318,48.7157,6.63745847222222
"icr062254",-18.318,48.7157,6.63745847222222
"icr062257",-18.2928,48.7115,6.63745847222222
"icr062259",-18.2955,48.7147,6.63745847222222
"icr062260",-18.2955,48.7147,6.63745847222222
"icr062261",-18.2946,48.7112,6.63745847222222
"icr062262",-18.2946,48.7112,6.63745847222222
"icr062263",-18.2959,48.7105,6.63745847222222
"icr062264",-18.2959,48.7105,6.63745847222222
"icr062265",-18.2948,48.7069,6.63745847222222
"icr062266",-18.2948,48.7069,6.63745847222222
"icr062267",-18.2981,48.7082,6.63745847222222
"icr062270",-18.2922,48.7132,6.63745847222222
"icr062272",-18.2963,48.706,6.63745847222222
"icr062276",-18.2724,48.7098,6.63745847222222
"icr062278",-18.2751,48.7037,6.63745847222222
"icr062279",-18.2726,48.707,6.63745847222222
"icr062280",-18.2743,48.7041,6.63745847222222
"icr062281",-18.2787,48.7098,6.63745847222222
"icr062282",-18.2787,48.7098,6.63745847222222
"icr062284",-18.277,48.705,6.63745847222222
"icr062285",-18.2742,48.7098,6.63745847222222
"icr062287",-18.2751,48.711,6.63745847222222
"icr062288",-18.2751,48.711,6.63745847222222
"icr062289",-18.2755,48.7105,6.63745847222222
"icr062291",-18.28,48.7079,6.63745847222222
"icr062292",-18.2772,48.7105,6.63745847222222
"icr062294",-18.349,48.7392,6.66202847222222
"icr062295",-18.349,48.7392,6.66202847222222
"icr062296",-18.3434,48.7347,6.66202847222222
"icr062297",-18.3434,48.7347,6.66202847222222
"icr062298",-18.3477,48.7403,6.66202847222222
"icr062299",-18.3477,48.7403,6.66202847222222
"icr062301",-18.3428,48.7351,6.66202847222222
"icr062302",-18.3427,48.7331,6.66202847222222
"icr062303",-18.3427,48.7331,6.66202847222222
"icr062305",-18.3399,48.7365,6.66202847222222
"icr062306",-18.3491,48.7353,6.66202847222222
"icr062307",-18.3491,48.7353,6.66202847222222
"icr062308",-18.3483,48.7346,6.66202847222222
"icr062309",-18.3483,48.7346,6.66202847222222
"icr062310",-18.3462,48.7333,6.66202847222222
"icr062312",-18.3409,48.7391,6.66202847222222
"icr062313",-18.3409,48.7391,6.66202847222222
"icr062316",-18.32,48.7354,6.63745847222222
"icr062317",-18.32,48.7354,6.63745847222222
"icr062318",-18.3213,48.7376,6.63745847222222
"icr062319",-18.3213,48.7376,6.63745847222222
"icr062320",-18.3232,48.738,6.63745847222222
"icr062321",-18.3232,48.738,6.63745847222222
"icr062322",-18.3185,48.7375,6.63745847222222
"icr062323",-18.3185,48.7375,6.63745847222222
"icr062324",-18.3188,48.7358,6.63745847222222
"icr062325",-18.3188,48.7358,6.63745847222222
"icr062327",-18.3186,48.7334,6.63745847222222
"icr062330",-18.3167,48.733,6.63745847222222
"icr062334",-18.2968,48.7352,6.63745847222222
"icr062336",-18.297,48.7418,6.63745847222222
"icr062337",-18.297,48.7418,6.63745847222222
"icr062338",-18.2954,48.7368,6.63745847222222
"icr062339",-18.2977,48.7365,6.63745847222222
"icr062340",-18.2977,48.7365,6.63745847222222
"icr062343",-18.2985,48.7388,6.63745847222222
"icr062344",-18.2985,48.7388,6.63745847222222
"icr062346",-18.3006,48.7399,6.63745847222222
"icr062347",-18.2983,48.7352,6.63745847222222
"icr062350",-18.2976,48.7414,6.63745847222222
"icr062351",-18.3009,48.736,6.63745847222222
"icr062352",-18.3009,48.736,6.63745847222222
"icr062353",-18.2763,48.7363,6.63745847222222
"icr062354",-18.2763,48.7363,6.63745847222222
"icr062355",-18.2724,48.7349,6.63745847222222
"icr062356",-18.2724,48.7349,6.63745847222222
"icr062357",-18.2748,48.7321,6.63745847222222
"icr062358",-18.2748,48.7321,6.63745847222222
"icr062359",-18.2749,48.7372,6.63745847222222
"icr062360",-18.2749,48.7372,6.63745847222222
"icr062362",-18.2789,48.7336,6.63745847222222
"icr062364",-18.2773,48.7338,6.63745847222222
"icr062365",-18.2715,48.7338,6.63745847222222
"icr062366",-18.2715,48.7338,6.63745847222222
"icr062368",-18.2767,48.7384,6.63745847222222
"icr062369",-18.2716,48.7336,6.63745847222222
"icr062370",-18.2716,48.7336,6.63745847222222
"icr062372",-18.2774,48.7401,6.63745847222222
"icr062375",-18.3379,48.756,6.33069895833333
"icr062378",-18.344,48.7576,6.33069895833333
"icr062380",-18.3371,48.7576,6.33069895833333
"icr062381",-18.3392,48.7638,6.33069895833333
"icr062382",-18.3392,48.7638,6.33069895833333
"icr062383",-18.338,48.7624,6.33069895833333
"icr062384",-18.338,48.7624,6.33069895833333
"icr062385",-18.3449,48.7568,6.33069895833333
"icr062387",-18.3395,48.7613,6.33069895833333
"icr062388",-18.3395,48.7613,6.33069895833333
"icr062390",-18.3373,48.7582,6.33069895833333
"icr062391",-18.3433,48.7611,6.33069895833333
"icr062392",-18.3433,48.7611,6.33069895833333
"icr062393",-18.3122,48.7623,6.54442201388889
"icr062394",-18.3122,48.7623,6.54442201388889
"icr062395",-18.3094,48.7565,6.54442201388889
"icr062398",-18.3179,48.7599,6.54442201388889
"icr062399",-18.3182,48.7582,6.54442201388889
"icr062400",-18.3182,48.7582,6.54442201388889
"icr062402",-18.3136,48.7609,6.54442201388889
"icr062403",-18.3086,48.7584,6.54442201388889
"icr062404",-18.3086,48.7584,6.54442201388889
"icr062405",-18.3128,48.7611,6.54442201388889
"icr062406",-18.3128,48.7611,6.54442201388889
"icr062407",-18.3164,48.7602,6.54442201388889
"icr062408",-18.3164,48.7602,6.54442201388889
"icr062409",-18.3162,48.7614,6.54442201388889
"icr062410",-18.3162,48.7614,6.54442201388889
"icr062411",-18.3125,48.7614,6.54442201388889
"icr062412",-18.3125,48.7614,6.54442201388889
"icr062415",-18.3018,48.7488,6.63745847222222
"icr062416",-18.3018,48.7488,6.63745847222222
"icr062417",-18.3024,48.7572,6.54442201388889
"icr062418",-18.3024,48.7572,6.54442201388889
"icr062421",-18.303,48.7573,6.54442201388889
"icr062422",-18.303,48.7573,6.54442201388889
"icr062424",-18.3011,48.7514,6.54442201388889
"icr062425",-18.2985,48.7568,6.54442201388889
"icr062426",-18.2985,48.7568,6.54442201388889
"icr062427",-18.2992,48.7506,6.54442201388889
"icr062428",-18.2992,48.7506,6.54442201388889
"icr062430",-18.3038,48.7535,6.54442201388889
"icr062431",-18.2949,48.7535,6.54442201388889
"icr062432",-18.2949,48.7535,6.54442201388889
"icr062435",-18.2736,48.7581,6.54442201388889
"icr062436",-18.2736,48.7581,6.54442201388889
"icr062437",-18.2809,48.7558,6.54442201388889
"icr062438",-18.2809,48.7558,6.54442201388889
"icr062439",-18.2813,48.7579,6.54442201388889
"icr062440",-18.2813,48.7579,6.54442201388889
"icr062442",-18.2802,48.7574,6.54442201388889
"icr062443",-18.2765,48.763,6.54442201388889
"icr062444",-18.2765,48.763,6.54442201388889
"icr062446",-18.2745,48.7612,6.54442201388889
"icr062448",-18.2762,48.7598,6.54442201388889
"icr062451",-18.2754,48.763,6.54442201388889
"icr062452",-18.2754,48.763,6.54442201388889
"icr068101",13.3676,1.73538,0.304274390833333
"icr068131",13.3936,1.73513,0.304274390833333
"icr068132",13.3936,1.73513,0.304274390833333
"icr068149",13.4184,1.73159,0.362427861597222
"icr068150",13.4184,1.73159,0.362427861597222
"icr068161",13.4356,1.73874,0.362427861597222
"icr068162",13.4356,1.73874,0.362427861597222
"icr068182",13.3757,1.75976,0.399546249930556
"icr068199",13.395,1.75692,0.399546249930556
"icr068221",13.4134,1.75471,0.399546249930556
"icr068222",13.4134,1.75471,0.399546249930556
"icr068265",13.3715,1.77966,0.399546249930556
"icr068279",13.3899,1.77919,0.399546249930556
"icr068280",13.3899,1.77919,0.399546249930556
"icr068321",13.4379,1.77796,0.350905452986111
"icr068322",13.4379,1.77796,0.350905452986111
"icr068339",13.372,1.80452,0.399546249930556
"icr068340",13.372,1.80452,0.399546249930556
"icr068361",13.3857,1.7983,0.399546249930556
"icr068362",13.3857,1.7983,0.399546249930556
"icr068381",13.4048,1.80267,0.399546249930556
"icr068382",13.4048,1.80267,0.399546249930556
"icr068399",13.4312,1.79912,0.350905452986111
"icr068400",13.4312,1.79912,0.350905452986111
"icr068419",11.2808,8.1236,2.05144622222222
"icr068420",11.2808,8.1236,2.05144622222222
"icr068440",11.3071,8.11957,2.05144622222222
"icr068499",11.2915,8.14593,2.05144622222222
"icr068500",11.2915,8.14593,2.05144622222222
"icr068521",11.3127,8.14825,2.05144622222222
"icr068522",11.3127,8.14825,2.05144622222222
"icr068539",11.3352,8.15038,1.99380051388889
"icr068540",11.3352,8.15038,1.99380051388889
"icr068579",11.2807,8.16677,1.99806739583333
"icr068580",11.2807,8.16677,1.99806739583333
"icr068640",11.3526,8.1699,1.83869854166667
"icr068663",11.2858,8.19755,1.99806739583333
"icr068677",11.3093,8.19152,1.99806739583333
"icr068678",11.3093,8.19152,1.99806739583333
"icr068717",11.3467,8.19486,1.83869854166667
"icr068718",11.3467,8.19486,1.83869854166667
"icr069810",14.8314,-7.84387,1.59397189583333
"icr069830",14.8563,-7.84677,1.52673563888889
"icr069849",14.8795,-7.8447,1.52673563888889
"icr069869",14.8067,-7.82502,1.44395254861111
"icr069890",14.831,-7.82307,1.44395254861111
"icr069929",14.8699,-7.81949,1.35424491666667
"icr069950",14.8024,-7.80288,1.44395254861111
"icr069970",14.8365,-7.80987,1.35424491666667
"icr069990",14.8547,-7.80709,1.35424491666667
"icr070029",14.8092,-7.78246,1.44395254861111
"icr070112",9.16606,5.6781,3.46969184027778
"icr070124",9.19157,5.67185,3.32081855555556
"icr070125",9.19157,5.67185,3.32081855555556
"icr070164",9.23307,5.67654,3.32081855555556
"icr070194",9.16687,5.69213,3.32081855555556
"icr070202",9.19273,5.69772,3.32081855555556
"icr070262",9.17576,5.71135,3.32081855555556
"icr070263",9.17576,5.71135,3.32081855555556
"icr070277",9.19278,5.71947,3.32081855555556
"icr070309",9.23766,5.71749,3.32081855555556
"icr070328",9.1702,5.73813,3.32081855555556
"icr070349",9.18853,5.7423,3.32081855555556
"icr070370",9.21725,5.73423,3.32081855555556
"icr070371",9.21725,5.73423,3.32081855555556
"icr070386",9.23953,5.74422,3.32081855555556
"icr072246",-7.37775,15.6875,5.45425791666667
"icr072247",-7.37775,15.6875,5.45425791666667
"icr072267",-7.35124,15.6878,5.45425791666667
"icr072286",-7.33167,15.688,5.18724659722222
"icr072287",-7.33167,15.688,5.18724659722222
"icr072307",-7.31518,15.6915,5.18724659722222
"icr072325",-7.3154,15.6951,5.18724659722222
"icr072365",-7.34081,15.7191,5.45425791666667
"icr072366",-7.34081,15.7191,5.45425791666667
"icr072386",-7.31065,15.7179,5.18724659722222
"icr072405",-7.37247,15.7382,5.45425791666667
"icr072406",-7.37247,15.7382,5.45425791666667
"icr072425",-7.36131,15.7379,5.45425791666667
"icr072426",-7.36131,15.7379,5.45425791666667
"icr072446",-7.33772,15.7306,5.45425791666667
"icr072466",-7.31553,15.74,5.18724659722222
"icr072486",-7.37268,15.763,5.28927618055556
"icr072506",-7.35986,15.7617,5.28927618055556
"icr072544",-7.31389,15.7607,5.22931395833333
"icr072596",-16.2694,14.8835,2.53303140972222
"icr072597",-16.2694,14.8835,2.53303140972222
"icr072616",-16.2447,14.8847,2.45937447222222
"icr072637",-16.2161,14.8808,2.45937447222222
"icr072656",-16.1962,14.8734,2.45937447222222
"icr072657",-16.1962,14.8734,2.45937447222222
"icr072677",-16.2672,14.8998,2.53303140972222
"icr072696",-16.2403,14.9046,2.45937447222222
"icr072716",-16.2251,14.8989,2.45937447222222
"icr072717",-16.2251,14.8989,2.45937447222222
"icr072737",-16.1989,14.8992,2.45937447222222
"icr072756",-16.2635,14.9301,2.52385394444444
"icr072757",-16.2635,14.9301,2.52385394444444
"icr072777",-16.2447,14.9285,2.5848364375
"icr072797",-16.2192,14.9325,2.5848364375
"icr072816",-16.2036,14.9226,2.5848364375
"icr072817",-16.2036,14.9226,2.5848364375
"icr072836",-16.2688,14.9584,2.52385394444444
"icr072837",-16.2688,14.9584,2.52385394444444
"icr072857",-16.2426,14.9484,2.5848364375
"icr072896",-16.2001,14.9513,2.5848364375
"icr072897",-16.2001,14.9513,2.5848364375
"icr072948",-11.7728,15.8754,3.45051580555556
"icr072968",-11.7504,15.8777,3.45051580555556
"icr072969",-11.7504,15.8777,3.45051580555556
"icr072989",-11.7232,15.8853,3.75294284722222
"icr073008",-11.7041,15.8868,3.75294284722222
"icr073028",-11.7734,15.909,3.45051580555556
"icr073049",-11.7516,15.9043,3.45051580555556
"icr073068",-11.7286,15.9054,3.75294284722222
"icr073069",-11.7286,15.9054,3.75294284722222
"icr073128",-11.743,15.9252,3.61969738888889
"icr073148",-11.7282,15.9296,3.61969738888889
"icr073149",-11.7282,15.9296,3.61969738888889
"icr073168",-11.7032,15.9252,3.61969738888889
"icr073169",-11.7032,15.9252,3.61969738888889
"icr073189",-11.7761,15.9536,3.45912241666667
"icr073208",-11.7542,15.9524,3.45912241666667
"icr073228",-11.7248,15.9434,3.61969738888889
"icr073229",-11.7248,15.9434,3.61969738888889
"icr073249",-11.7001,15.9523,3.61969738888889
"icr073300",-12.3592,15.1439,3.86649954166667
"icr073301",-12.3592,15.1439,3.86649954166667
"icr073320",-12.3399,15.1436,3.86649954166667
"icr073340",-12.3163,15.152,3.67224940972222
"icr073361",-12.3048,15.1474,3.67224940972222
"icr073362",-12.3048,15.1474,3.67224940972222
"icr073379",-12.3554,15.1618,3.86649954166667
"icr073380",-12.3554,15.1618,3.86649954166667
"icr073399",-12.3428,15.1755,4.02883645833333
"icr073420",-12.3186,15.1741,3.55423596527778
"icr073439",-12.2979,15.175,3.55423596527778
"icr073440",-12.2979,15.175,3.55423596527778
"icr073460",-12.3493,15.2026,4.02883645833333
"icr073479",-12.3459,15.1903,4.02883645833333
"icr073500",-12.3186,15.2063,3.55423596527778
"icr073519",-12.2953,15.1955,3.55423596527778
"icr073520",-12.2953,15.1955,3.55423596527778
"icr073539",-12.3573,15.2169,4.02883645833333
"icr073558",-12.3275,15.2218,3.55423596527778
"icr073559",-12.3275,15.2218,3.55423596527778
"icr073578",-12.3148,15.2138,3.55423596527778
"icr073579",-12.3148,15.2138,3.55423596527778
"icr073989",-18.142,29.4097,3.1146064375
"icr074019",-18.0948,29.4155,3.1146064375
"icr074045",-18.137,29.4347,3.06535597222222
"icr074122",-18.1381,29.4551,3.06535597222222
"icr074159",-18.0962,29.4588,3.06535597222222
"icr074194",-18.1315,29.4801,3.06535597222222
"icr074318",-21.7779,26.4554,1.12160967868056
"icr074336",-21.7522,26.4592,1.12160967868056
"icr074337",-21.7522,26.4592,1.12160967868056
"icr074356",-21.7213,26.457,1.48027131756944
"icr074376",-21.7919,26.4815,1.12160967868056
"icr074377",-21.7919,26.4815,1.12160967868056
"icr074396",-21.7771,26.4829,1.12160967868056
"icr074397",-21.7771,26.4829,1.12160967868056
"icr074413",-21.7559,26.4813,1.12160967868056
"icr074414",-21.7559,26.4813,1.12160967868056
"icr074433",-21.7275,26.4797,1.48027131756944
"icr074455",-21.7992,26.5087,1.16578920555556
"icr074470",-21.7756,26.5008,1.16578920555556
"icr074471",-21.7756,26.5008,1.16578920555556
"icr074490",-21.749,26.5039,1.46414557291667
"icr074509",-21.7232,26.4957,1.48027131756944
"icr074510",-21.7232,26.4957,1.48027131756944
"icr074529",-21.7908,26.5175,1.16578920555556
"icr074544",-21.7707,26.526,1.16578920555556
"icr074545",-21.7707,26.526,1.16578920555556
"icr074561",-21.7483,26.5266,1.46414557291667
"icr074580",-21.731,26.5229,1.46414557291667
"icr074581",-21.731,26.5229,1.46414557291667
"icr074631",-19.4157,22.0154,2.34647602777778
"icr074632",-19.4157,22.0154,2.34647602777778
"icr074671",-19.3805,22.0165,2.34647602777778
"icr074672",-19.3805,22.0165,2.34647602777778
"icr074691",-19.3495,22.0128,2.34647602777778
"icr074692",-19.3495,22.0128,2.34647602777778
"icr074731",-19.3952,22.039,2.34647602777778
"icr074732",-19.3952,22.039,2.34647602777778
"icr074751",-19.3695,22.0389,2.34647602777778
"icr074771",-19.341,22.0368,2.34647602777778
"icr074852",-19.3513,22.0571,2.34647602777778
"icr074891",-19.3945,22.0855,2.26616245833333
"icr074912",-19.3686,22.0829,2.34647602777778
"icr074932",-19.3415,22.0791,2.34647602777778
"icr074983",-23.0742,26.3949,1.2649709053125
"icr074984",-23.0742,26.3949,1.2649709053125
"icr075003",-23.0591,26.389,1.2649709053125
"icr075004",-23.0591,26.389,1.2649709053125
"icr075023",-23.0258,26.3959,1.2649709053125
"icr075024",-23.0258,26.3959,1.2649709053125
"icr075043",-23.0055,26.3972,1.2649709053125
"icr075064",-23.0765,26.4193,1.29358036944444
"icr075083",-23.0578,26.4171,1.29358036944444
"icr075104",-23.0299,26.419,1.29358036944444
"icr075143",-23.0707,26.4356,1.29358036944444
"icr075144",-23.0707,26.4356,1.29358036944444
"icr075184",-23.0323,26.441,1.29358036944444
"icr075204",-23.0063,26.4425,1.29358036944444
"icr075224",-23.0776,26.7766,1.34551120138889
"icr075225",-23.0776,26.7766,1.34551120138889
"icr075240",-23.0594,26.457,1.29358036944444
"icr075241",-23.0594,26.457,1.29358036944444
"icr075260",-23.0312,26.4632,1.29358036944444
"icr075261",-23.0312,26.4632,1.29358036944444
"icr075280",-23.0042,26.4664,1.29358036944444
"icr075281",-23.0042,26.4664,1.29358036944444
"icr075332",-17.8653,31.8363,2.30478927777778
"icr075350",-17.8307,31.8367,2.78778284027778
"icr075351",-17.8307,31.8367,2.78778284027778
"icr075410",-17.852,31.8612,2.30478927777778
"icr075411",-17.852,31.8612,2.30478927777778
"icr075431",-17.8328,31.8576,2.78778284027778
"icr075528",-17.8183,31.8831,2.78778284027778
"icr075529",-17.8183,31.8831,2.78778284027778
"icr075676",-15.8974,26.0931,3.02200236805556
"icr075677",-15.8974,26.0931,3.02200236805556
"icr075696",-15.8674,26.0985,3.02200236805556
"icr075697",-15.8674,26.0985,3.02200236805556
"icr075716",-15.8514,26.0959,3.02200236805556
"icr075717",-15.8514,26.0959,3.02200236805556
"icr075736",-15.8271,26.0954,3.66756870833333
"icr075756",-15.897,26.1153,3.02200236805556
"icr075757",-15.897,26.1153,3.02200236805556
"icr075796",-15.8579,26.112,3.02200236805556
"icr075837",-15.8963,26.142,3.02200236805556
"icr075876",-15.8498,26.1402,3.02200236805556
"icr075897",-15.831,26.1399,3.66756870833333
"icr075916",-15.897,26.1664,3.02200236805556
"icr075917",-15.897,26.1664,3.02200236805556
"icr076348",-19.0212,46.637,3.68859333333333
"icr076350",-19.0214,46.6394,3.68859333333333
"icr076352",-19.0281,46.642,3.68859333333333
"icr076353",-19.0255,46.6402,3.68859333333333
"icr076354",-19.0255,46.6402,3.68859333333333
"icr076355",-19.0214,46.6354,3.68859333333333
"icr076357",-19.0233,46.6404,3.68859333333333
"icr076358",-19.0233,46.6404,3.68859333333333
"icr076359",-19.0232,46.6356,3.68859333333333
"icr076362",-19.0266,46.6342,3.68859333333333
"icr076363",-19.0266,46.6342,3.68859333333333
"icr076365",-19.0068,46.6291,3.68859333333333
"icr076366",-19.0071,46.6302,3.68859333333333
"icr076368",-19.0023,46.6316,3.68859333333333
"icr076369",-19.0023,46.6316,3.68859333333333
"icr076371",-19.0017,46.6288,3.68859333333333
"icr076372",-19.0092,46.6314,3.68859333333333
"icr076374",-19.003,46.6295,3.68859333333333
"icr076375",-19.003,46.6295,3.68859333333333
"icr076377",-19.0057,46.627,3.68859333333333
"icr076379",-19.0053,46.6299,3.68859333333333
"icr076383",-19.005,46.6277,3.68859333333333
"icr076386",-18.9803,46.6349,3.26644895833333
"icr076387",-18.9803,46.6349,3.26644895833333
"icr076392",-18.979,46.637,3.26644895833333
"icr076399",-18.9789,46.6329,3.26644895833333
"icr076400",-18.9786,46.6339,3.26644895833333
"icr076403",-18.9817,46.6361,3.26644895833333
"icr076405",-18.9532,46.6373,3.26644895833333
"icr076406",-18.9542,46.6397,3.26644895833333
"icr076407",-18.9542,46.6397,3.26644895833333
"icr076408",-18.9543,46.6319,3.26644895833333
"icr076410",-18.9598,46.6317,3.26644895833333
"icr076412",-18.9566,46.6329,3.26644895833333
"icr076415",-18.9554,46.6358,3.26644895833333
"icr076418",-18.962,46.6359,3.26644895833333
"icr076419",-18.962,46.6359,3.26644895833333
"icr076420",-18.9566,46.6371,3.26644895833333
"icr076422",-18.9576,46.6324,3.26644895833333
"icr076423",-18.9576,46.6324,3.26644895833333
"icr076424",-19.0242,46.6594,3.68859333333333
"icr076431",-19.0217,46.6642,3.68859333333333
"icr076439",-19.0212,46.6623,3.68859333333333
"icr076441",-19.0246,46.6597,3.68859333333333
"icr076442",-19.0209,46.6564,3.68859333333333
"icr076445",-19.0054,46.6572,3.68859333333333
"icr076446",-19.0012,46.6578,3.68859333333333
"icr076447",-19.0012,46.6578,3.68859333333333
"icr076452",-19.0004,46.6651,3.68859333333333
"icr076460",-18.9994,46.6603,3.26644895833333
"icr076461",-18.9994,46.6603,3.26644895833333
"icr076473",-18.9802,46.6611,3.26644895833333
"icr076474",-18.975,46.6639,3.26644895833333
"icr076478",-18.9768,46.6636,3.26644895833333
"icr076480",-18.9778,46.6607,3.26644895833333
"icr076481",-18.9778,46.6607,3.26644895833333
"icr076483",-18.9743,46.665,3.26644895833333
"icr076487",-18.9574,46.6536,3.26644895833333
"icr076489",-18.961,46.6559,3.26644895833333
"icr076490",-18.9592,46.6525,3.26644895833333
"icr076492",-18.956,46.6566,3.26644895833333
"icr076494",-18.9587,46.6524,3.26644895833333
"icr076495",-18.9587,46.6524,3.26644895833333
"icr076496",-18.957,46.6583,3.26644895833333
"icr076506",-19.0232,46.6787,3.48738027777778
"icr076508",-19.0201,46.6765,3.48738027777778
"icr076509",-19.0201,46.6765,3.48738027777778
"icr076511",-19.0198,46.6785,3.48738027777778
"icr076512",-19.0192,46.6808,3.48738027777778
"icr076518",-19.0177,46.6797,3.48738027777778
"icr076519",-19.0177,46.6797,3.48738027777778
"icr076523",-19.0025,46.6775,3.48738027777778
"icr076526",-18.9986,46.6802,3.31658322222222
"icr076527",-19.0068,46.6787,3.48738027777778
"icr076528",-19.0068,46.6787,3.48738027777778
"icr076532",-18.9998,46.6789,3.31658322222222
"icr076533",-19.0017,46.6847,3.48738027777778
"icr076540",-19.0015,46.6798,3.48738027777778
"icr076547",-18.9814,46.6807,3.31658322222222
"icr076550",-18.9787,46.6783,3.31658322222222
"icr076551",-18.979,46.681,3.31658322222222
"icr076555",-18.9767,46.6788,3.31658322222222
"icr076560",-18.9813,46.6814,3.31658322222222
"icr076564",-18.9547,46.6819,3.31658322222222
"icr076568",-18.954,46.6832,3.31658322222222
"icr076569",-18.9559,46.6844,3.31658322222222
"icr076570",-18.9559,46.6844,3.31658322222222
"icr076571",-18.9582,46.6855,3.31658322222222
"icr076573",-18.9612,46.6833,3.31658322222222
"icr076576",-18.962,46.6831,3.31658322222222
"icr076578",-18.9573,46.6828,3.31658322222222
"icr076589",-19.0218,46.7027,3.48738027777778
"icr076594",-19.0239,46.7048,3.48738027777778
"icr076599",-19.0186,46.7085,3.48738027777778
"icr076600",-19.0186,46.7085,3.48738027777778
"icr076604",-19.0063,46.7031,3.48738027777778
"icr076605",-19.0097,46.6978,3.48738027777778
"icr076607",-19.0112,46.7008,3.48738027777778
"icr076608",-19.0112,46.7008,3.48738027777778
"icr076611",-19.0049,46.7043,3.48738027777778
"icr076612",-19.0049,46.7043,3.48738027777778
"icr076613",-19.0058,46.7017,3.48738027777778
"icr076616",-19.0061,46.7024,3.48738027777778
"icr076617",-19.006,46.6979,3.48738027777778
"icr076620",-19.0073,46.698,3.48738027777778
"icr076622",-18.979,46.7033,3.31658322222222
"icr076623",-18.981,46.7023,3.31658322222222
"icr076626",-18.9799,46.7036,3.31658322222222
"icr076627",-18.978,46.7029,3.31658322222222
"icr076630",-18.9809,46.706,3.31658322222222
"icr076632",-18.9811,46.7001,3.31658322222222
"icr076633",-18.9811,46.7001,3.31658322222222
"icr076635",-18.9784,46.6988,3.31658322222222
"icr076637",-18.9788,46.7008,3.31658322222222
"icr076638",-18.983,46.7024,3.31658322222222
"icr076639",-18.983,46.7024,3.31658322222222
"icr076640",-18.9519,46.7065,3.31658322222222
"icr076643",-18.9557,46.7033,3.31658322222222
"icr076645",-18.9539,46.7036,3.31658322222222
"icr076646",-18.9568,46.708,3.31658322222222
"icr076647",-18.9568,46.708,3.31658322222222
"icr076648",-18.9571,46.7033,3.31658322222222
"icr076651",-18.9576,46.7067,3.31658322222222
"icr076655",-18.9568,46.7107,3.31658322222222
"icr076658",-18.9548,46.707,3.31658322222222
