"SSN","Country","Site","Cluster","Plot","Longitude","Latitude","F14C","F14C_err","Delta14C","Delta14C_err","Delta13C","Zones","TurnoverTime"
"icr005971","Tanzania","Chinyanghuku",3,4,36.09030914,-6.887218,1.0586,0.0021,49.7,2.1,-17.55,"SHZone12",140
"icr005972","Tanzania","Chinyanghuku",3,4,36.09030914,-6.887218,0.9598,0.0024,-48.3,2.4,-17.84,"SHZone12",5256
"icr005990","Tanzania","Chinyanghuku",4,8,36.10004807,-6.86531687,1.088,0.002,78.8,2,-22.81,"SHZone12",77
"icr005991","Tanzania","Chinyanghuku",4,8,36.10004807,-6.86531687,1.0321,0.0031,23.4,3.1,-22.67,"SHZone12",269
"icr006115","Tanzania","Chinyanghuku",11,8,36.1339,-6.89424,1.0453,0.0031,36.4,3.1,-21.9955,"SHZone12",190
"icr006116","Tanzania","Chinyanghuku",11,8,36.1339,-6.89424,1.0363,0.0027,27.5,2.7,-24.32,"SHZone12",239
"icr006130","Tanzania","Chinyanghuku",12,8,36.14284897,-6.85878706,1.0968,0.0019,87.5,1.9,-24.07,"SHZone12",64
"icr006131","Tanzania","Chinyanghuku",12,8,36.14284897,-6.85878706,0.9655,0.0028,-42.6,2.8,-23.16,"SHZone12",4208
"icr006454","Tanzania","Pandambili",1,1,36.44020081,-6.12600994,1.0077,0.0022,-0.8,2.2,-15.85,"SHZone12",631
"icr006455","Tanzania","Pandambili",1,1,36.44020081,-6.12600994,0.878,0.0019,-129.4,1.9,-15.28,"SHZone12",6475
"icr006492","Tanzania","Pandambili",3,1,36.4405,-6.06394,1.0725,0.0021,63.5,2.1,-23.35,"SHZone12",104
"icr006493","Tanzania","Pandambili",3,1,36.4405,-6.06394,0.9799,0.0035,-28.4,3.5,-22.67,"SHZone12",2310
"icr006530","Tanzania","Pandambili",5,1,36.4577,-6.11749,0.9956,0.0023,-12.8,2.3,-18.59,"SHZone12",1100
"icr006531","Tanzania","Pandambili",5,1,36.4577,-6.11749,0.9094,0.0032,-98.3,3.2,-18,"SHZone12",6475
"icr006570","Tanzania","Pandambili",7,2,36.46458817,-6.06997013,1.0082,0.0031,-0.3,3.1,-16.55,"SHZone12",617
"icr006571","Tanzania","Pandambili",7,2,36.46458817,-6.06997013,0.9458,0.003,-62.2,3,-16.07,"SHZone12",6475
"icr006744","Tanzania","Pandambili",16,1,36.5135,-6.05373,1.0249,0.0031,16.2,3.1,-20.75,"SHZone12",335
"icr006745","Tanzania","Pandambili",16,1,36.5135,-6.05373,0.9399,0.0031,-68.1,3.1,-22.03,"SHZone12",6475
"icr020848","Tanzania","Kidatu",1,1,37.26938248,-8.07403278,1.0728,0.0031,63.8,3.1,-15.83,"SHZone12",104
"icr020848","Tanzania","Kidatu",1,1,37.26938248,-8.07403278,1.0728,0.0031,63.8,3.1,-15.83,"SHZone12",104
"icr020849","Tanzania","Kidatu",1,1,37.26938248,-8.07403278,0.9495,0.0056,-58.5,5.6,NA,"SHZone12",6475
"icr020888","Tanzania","Kidatu",3,1,37.27035141,-8.02105045,1.0546,0.0019,45.7,1.9,-14.53,"SHZone12",153
"icr020889","Tanzania","Kidatu",3,1,37.27035141,-8.02105045,0.9862,0.0025,-22.1,2.5,-15.64,"SHZone12",1725
"icr020908","Tanzania","Kidatu",4,1,37.27236938,-8.00080681,1.0816,0.002,72.5,2,-19.3515,"SHZone12",87
"icr020909","Tanzania","Kidatu",4,1,37.27236938,-8.00080681,0.9665,0.0027,-41.6,2.7,-18.73,"SHZone12",4043
"icr020970","Tanzania","Kidatu",7,3,37.29229736,-8.02381229,1.0997,0.002,90.4,2,-17.4855,"SHZone12",61
"icr020971","Tanzania","Kidatu",7,3,37.29229736,-8.02381229,1.0164,0.003,7.8,3,-18.72,"SHZone12",447
"icr021063","Tanzania","Kidatu",12,1,37.31461716,-8.00514507,1.0998,0.0018,90.6,1.8,-18.2695,"SHZone12",61
"icr021064","Tanzania","Kidatu",12,1,37.31461716,-8.00514507,1.0375,0.0028,28.7,2.8,-20.14,"SHZone12",232
"icr021103","Tanzania","Kidatu",14,1,37.33369827,-8.04930496,1.0579,0.0025,49,2.5,-15.75,"SHZone12",142
"icr021104","Tanzania","Kidatu",14,1,37.33369827,-8.04930496,1.0049,0.0056,-3.6,5.6,NA,"SHZone12",714
"icr024956","Tanzania","Itende",6,1,34.19247818,-6.91006517,1.0536,0.0025,44.7,2.5,-20.93,"SHZone12",156
"icr024957","Tanzania","Itende",6,1,34.19247818,-6.91006517,0.9678,0.0025,-40.3,2.5,-22.6,"SHZone12",3837
"icr024976","Tanzania","Itende",7,2,34.19307327,-6.87918282,1.0751,0.0021,66.1,2.1,-21.4945,"SHZone12",99
"icr024977","Tanzania","Itende",7,2,34.19307327,-6.87918282,1.0024,0.0026,-6.1,2.6,-21.78,"SHZone12",800
"icr024994","Tanzania","Itende",8,3,34.19452667,-6.859828,1.0223,0.0028,13.7,2.8,-21.64,"SHZone12",363
"icr024995","Tanzania","Itende",8,3,34.19452667,-6.859828,0.9677,0.0026,-40.5,2.6,-21.82,"SHZone12",3869
"icr030051","Ethiopia","Dambidolo",2,6,34.98833084,8.60195828,1.0519,0.0023,43,2.3,-14.59,"NHZone3",171
"icr030052","Ethiopia","Dambidolo",2,6,34.98833084,8.60195828,0.9793,0.0017,-28.9,1.7,-13.4,"NHZone3",2390
"icr030097","Ethiopia","Dambidolo",4,8,34.98268509,8.65556717,1.0134,0.0019,4.9,1.9,-14.78,"NHZone3",520
"icr030098","Ethiopia","Dambidolo",4,8,34.98268509,8.65556717,0.9074,0.0016,-100.3,1.6,-14.29,"NHZone3",6474
"icr030113","Ethiopia","Dambidolo",5,7,35.00011444,8.58142185,0.9923,0.0017,-16,1.7,-18.43,"NHZone3",1314
"icr030114","Ethiopia","Dambidolo",5,7,35.00011444,8.58142185,1.0617,0.0018,52.8,1.8,-19.38,"NHZone3",138
"icr030123","Ethiopia","Dambidolo",6,2,35.00059891,8.59928799,1.0528,0.0018,44,1.8,-14.89,"NHZone3",167
"icr030124","Ethiopia","Dambidolo",6,2,35.00059891,8.59928799,0.9942,0.0017,-14.2,1.7,-13.75,"NHZone3",1204
"icr030127","Ethiopia","Dambidolo",6,5,34.99979401,8.59832192,1.0211,0.0021,12.5,2.1,-15.49,"NHZone3",395
"icr030128","Ethiopia","Dambidolo",6,5,34.99979401,8.59832192,0.9665,0.0018,-41.6,1.8,-15.24,"NHZone3",4065
"icr030131","Ethiopia","Dambidolo",6,7,35.00479126,8.60511303,1.0352,0.0017,26.5,1.7,-14.43,"NHZone3",258
"icr030132","Ethiopia","Dambidolo",6,7,35.00479126,8.60511303,0.9448,0.002,-63.1,2,-13.5,"NHZone3",6474
"icr030133","Ethiopia","Dambidolo",6,8,34.99936295,8.6012516,1.0472,0.002,38.4,2,-17.21,"NHZone3",191
"icr030134","Ethiopia","Dambidolo",6,8,34.99936295,8.6012516,0.9989,0.0019,-9.5,1.9,-16.17,"NHZone3",964
"icr030137","Ethiopia","Dambidolo",6,10,34.99982834,8.60101509,1.0157,0.0033,7.1,3.3,-14.76,"NHZone3",478
"icr030138","Ethiopia","Dambidolo",6,10,34.99982834,8.60101509,0.9664,0.0025,-41.7,2.5,-13.81,"NHZone3",4080
"icr030145","Ethiopia","Dambidolo",7,2,35.00531006,8.62525272,0.9968,0.0033,-11.6,3.3,-12.51,"NHZone3",1064
"icr030146","Ethiopia","Dambidolo",7,2,35.00531006,8.62525272,0.8974,0.003,-110.2,3,-12.7,"NHZone3",6474
"icr030176","Ethiopia","Dambidolo",8,8,35.0014534,8.64603329,0.9868,0.0034,-21.5,3.4,-12.15,"NHZone3",1703
"icr030177","Ethiopia","Dambidolo",8,8,35.0014534,8.64603329,0.9316,0.003,-76.3,3,-12.99,"NHZone3",6474
"icr030177","Ethiopia","Dambidolo",8,8,35.0014534,8.64603329,0.9316,0.003,-76.3,3,-12.99,"NHZone3",6474
"icr030190","Ethiopia","Dambidolo",9,12,35.0256424,8.58047676,1.0628,0.0035,53.8,3.5,-12.44,"NHZone3",135
"icr030191","Ethiopia","Dambidolo",9,12,35.0256424,8.58047676,1.0298,0.0021,21.1,2.1,-11.71,"NHZone3",301
"icr030206","Ethiopia","Dambidolo",10,5,35.02694702,8.60710716,1.054,0.0023,45.2,2.3,-13.81,"NHZone3",163
"icr030207","Ethiopia","Dambidolo",10,5,35.02694702,8.60710716,0.9859,0.003,-22.4,3,-12.48,"NHZone3",1778
"icr030214","Ethiopia","Dambidolo",10,9,35.01977158,8.60314274,1.0079,0.0018,-0.6,1.8,-14.88,"NHZone3",649
"icr030215","Ethiopia","Dambidolo",10,9,35.01977158,8.60314274,0.9529,0.0018,-55.1,1.8,-14.2,"NHZone3",6474
"icr030268","Ethiopia","Dambidolo",13,6,35.0459137,8.57730293,1.0769,0.002,67.8,2,-16.6325,"NHZone3",101
"icr030269","Ethiopia","Dambidolo",13,6,35.0459137,8.57730293,1.0469,0.0019,38.1,1.9,-14.1795,"NHZone3",192
"icr030270","Ethiopia","Dambidolo",13,7,35.04312134,8.58223248,1.0289,0.0019,20.2,1.9,-13.65,"NHZone3",309
"icr030271","Ethiopia","Dambidolo",13,7,35.04312134,8.58223248,0.9382,0.0019,-69.7,1.9,-13.91,"NHZone3",6474
"icr030282","Ethiopia","Dambidolo",14,4,35.04640961,8.59956265,1.033,0.0022,24.3,2.2,-14.21,"NHZone3",275
"icr030283","Ethiopia","Dambidolo",14,4,35.04640961,8.59956265,0.9708,0.002,-37.4,2,-14.38,"NHZone3",3434
"icr030300","Ethiopia","Dambidolo",15,3,35.04849625,8.62188721,1.0071,0.0018,-1.4,1.8,-16.22,"NHZone3",672
"icr030301","Ethiopia","Dambidolo",15,3,35.04849625,8.62188721,0.9315,0.0018,-76.3,1.8,-14.42,"NHZone3",6474
"icr030301","Ethiopia","Dambidolo",15,3,35.04849625,8.62188721,0.9315,0.0018,-76.3,1.8,-14.42,"NHZone3",6474
"icr030323","Ethiopia","Dambidolo",16,5,35.04421616,8.64572334,1.0109,0.0019,2.4,1.9,-13.88,"NHZone3",574
"icr030324","Ethiopia","Dambidolo",16,5,35.04421616,8.64572334,1.0124,0.0019,3.9,1.9,-14.2,"NHZone3",541
"icr030330","Ethiopia","Dambidolo",16,9,35.04863358,8.64678001,1.0248,0.002,16.2,2,-11.99,"NHZone3",350
"icr030331","Ethiopia","Dambidolo",16,9,35.04863358,8.64678001,0.9384,0.0017,-69.5,1.7,-12.47,"NHZone3",6474
"icr033419","Kenya","Mbalambala",5,7,39.02086639,-0.155982,0.9826,0.0057,-25.7,5.7,NA,"SHZone12",2038
"icr033420","Kenya","Mbalambala",5,7,39.02086639,-0.155982,0.7647,0.0049,-241.7,5,NA,"SHZone12",6475
"icr033535","Kenya","Mbalambala",13,6,39.0616951,-0.15338799,0.9005,0.0053,-107.1,5.3,NA,"SHZone12",6475
"icr033536","Kenya","Mbalambala",13,6,39.0616951,-0.15338799,0.8349,0.005,-172.1,5,NA,"SHZone12",6475
"icr033592","Kenya","Mbalambala",16,8,39.06327438,-0.089757,1.0304,0.0018,21.7,1.8,-24.7275,"SHZone12",282
"icr033593","Kenya","Mbalambala",16,8,39.06327438,-0.089757,0.9362,0.0027,-71.7,2.7,-22.85,"SHZone12",6475
"icr033598","Kenya","Mbalambala",16,14,39.06158447,-0.086252,1.0426,0.002,33.8,2,-23.1965,"SHZone12",203
"icr033599","Kenya","Mbalambala",16,14,39.06158447,-0.086252,1.036,0.0018,27.2,1.8,-22.0435,"SHZone12",241
"icr033634","Ethiopia","Mega",2,14,38.2612915,4.17119789,1.0372,0.0022,28.4,2.2,-18.41,"NHZone3",245
"icr033635","Ethiopia","Mega",2,14,38.2612915,4.17119789,1.0637,0.0024,54.8,2.4,-18.41,"NHZone3",132
"icr033664","Ethiopia","Mega",4,6,38.26822662,4.2133522,0.8944,0.0016,-113.1,1.6,-13.7695,"NHZone3",6474
"icr033665","Ethiopia","Mega",4,6,38.26822662,4.2133522,0.7652,0.0015,-241.3,1.5,-11.2815,"NHZone3",6474
"icr033819","Ethiopia","Mega",12,5,38.3169632,4.21460199,0.8998,0.0018,-107.8,1.8,-12.9565,"NHZone3",6474
"icr033820","Ethiopia","Mega",12,5,38.3169632,4.21460199,0.7539,0.0016,-252.4,1.6,-11.5175,"NHZone3",6474
"icr037453","Mali","Finnkolo",3,1,-5.534058333,11.32941667,1.0128,0.002,4.3,2,-20.21,"NHZone3",532
"icr037454","Mali","Finnkolo",3,1,-5.534058333,11.32941667,0.9549,0.0025,-53.2,2.5,-18.78,"NHZone3",6356
"icr037531","Mali","Finnkolo",7,1,-5.518538333,11.32956833,0.8905,0.003,-117,3,-19.76,"NHZone3",6474
"icr037532","Mali","Finnkolo",7,1,-5.518538333,11.32956833,0.786,0.0048,-220.7,4.8,NA,"NHZone3",6474
"icr037574","Mali","Finnkolo",9,5,-5.486493333,11.28301667,1.025,0.0031,16.4,3.1,-20.4,"NHZone3",348
"icr037574","Mali","Finnkolo",9,5,-5.486493333,11.28301667,1.025,0.0031,16.4,3.1,-20.4,"NHZone3",348
"icr037575","Mali","Finnkolo",9,5,-5.486493333,11.28301667,0.9773,0.0056,-31,5.6,NA,"NHZone3",2619
"icr037927","Cameroon","Bana",10,1,10.26777667,5.25545667,1.0636,0.0021,54.6,2.1,-20.44,"NHZone3",133
"icr037928","Cameroon","Bana",10,1,10.26777667,5.25545667,0.9857,0.0019,-22.6,1.9,-17.56,"NHZone3",1791
"icr037986","Cameroon","Bana",13,1,10.28871167,5.233795,1.0329,0.002,24.2,2,-19.88,"NHZone3",276
"icr037987","Cameroon","Bana",13,1,10.28871167,5.233795,0.9601,0.0018,-48,1.8,-16.68,"NHZone3",5218
"icr037987","Cameroon","Bana",13,1,10.28871167,5.233795,0.9601,0.0018,-48,1.8,-16.68,"NHZone3",5218
"icr038147","Ethiopia","Kutaber",3,8,39.57326889,11.30547237,1.0001,0.0021,-8.3,2.1,-16.32,"NHZone3",912
"icr038148","Ethiopia","Kutaber",3,8,39.57326889,11.30547237,0.9575,0.0018,-50.6,1.8,-15.77,"NHZone3",5763
"icr038218","Ethiopia","Kutaber",7,6,39.59435272,11.30890274,1.0307,0.0019,22,1.9,-13.56,"NHZone3",293
"icr038219","Ethiopia","Kutaber",7,6,39.59435272,11.30890274,0.8878,0.0018,-119.7,1.8,-14.07,"NHZone3",6474
"icr038227","Ethiopia","Kutaber",8,1,39.59209442,11.32841492,1.0271,0.002,18.4,2,-19.21,"NHZone3",327
"icr038228","Ethiopia","Kutaber",8,1,39.59209442,11.32841492,0.9344,0.0025,-73.4,2.5,-19.99,"NHZone3",6474
"icr038242","Ethiopia","Kutaber",8,10,39.59540176,11.33280659,1.0328,0.0017,24.1,1.7,-19.61,"NHZone3",276
"icr038243","Ethiopia","Kutaber",8,10,39.59540176,11.33280659,0.9804,0.0019,-27.8,1.9,-19.06,"NHZone3",2274
"icr038299","Ethiopia","Kutaber",12,1,39.61781311,11.33362484,0.9003,0.002,-107.3,2,-18.23,"NHZone3",6474
"icr038300","Ethiopia","Kutaber",12,1,39.61781311,11.33362484,0.5821,0.0023,-422.8,2.2,-21.87,"NHZone3",6474
"icr038302","Ethiopia","Kutaber",12,6,39.61585617,11.33428001,0.9421,0.0025,-65.8,2.5,-16.07,"NHZone3",6474
"icr038303","Ethiopia","Kutaber",12,6,39.61585617,11.33428001,0.9195,0.0026,-88.2,2.6,-18.1,"NHZone3",6474
"icr041679","Kenya","Marafa",3,1,39.51435852,-2.62334704,1.0167,0.0019,8.1,1.9,-17.32,"SHZone12",443
"icr041680","Kenya","Marafa",3,1,39.51435852,-2.62334704,0.9218,0.0024,-85.9,2.4,-16.72,"SHZone12",6475
"icr041789","Kenya","Marafa",8,6,39.53932953,-2.59726691,0.9588,0.0025,-49.3,2.5,-20.63,"SHZone12",5462
"icr041790","Kenya","Marafa",8,6,39.53932953,-2.59726691,0.8942,0.0022,-113.4,2.2,-19.14,"SHZone12",6475
"icr041898","Kenya","Marafa",14,2,39.57897949,-2.64556789,0.9159,0.0025,-91.8,2.5,-17.9,"SHZone12",6475
"icr041899","Kenya","Marafa",14,2,39.57897949,-2.64556789,0.8926,0.0026,-114.9,2.6,-20.01,"SHZone12",6475
"icr041992","Kenya","Morijo",1,4,35.7769928,-1.75783205,0.9981,0.0019,-10.4,1.9,-13.79,"SHZone12",979
"icr041993","Kenya","Morijo",1,4,35.7769928,-1.75783205,0.8637,0.0018,-143.6,1.8,-10.36,"SHZone12",6475
"icr042024","Kenya","Morijo",3,1,35.78072357,-1.70595801,1.0145,0.002,6,2,-11.9,"SHZone12",478
"icr042025","Kenya","Morijo",3,1,35.78072357,-1.70595801,0.9559,0.0018,-52.1,1.8,-11.1,"SHZone12",6076
"icr042025","Kenya","Morijo",3,1,35.78072357,-1.70595801,0.9559,0.0018,-52.1,1.8,-11.1,"SHZone12",6076
"icr042074","Kenya","Morijo",5,9,35.79964447,-1.75745797,1.0348,0.0019,26.1,1.9,-12.58,"SHZone12",249
"icr042075","Kenya","Morijo",5,9,35.79964447,-1.75745797,0.9829,0.002,-25.4,2,-11.82,"SHZone12",2015
"icr042082","Kenya","Morijo",6,3,35.80267715,-1.72688997,0.8878,0.0016,-119.7,1.6,-13.28,"SHZone12",6475
"icr042083","Kenya","Morijo",6,3,35.80267715,-1.72688997,0.8148,0.0015,-192.1,1.5,-12.75,"SHZone12",6475
"icr042108","Kenya","Morijo",7,7,35.79957581,-1.70866501,1.0281,0.0017,19.4,1.7,-13.79,"SHZone12",302
"icr042109","Kenya","Morijo",7,7,35.79957581,-1.70866501,0.9584,0.0019,-49.7,1.9,-13.22,"SHZone12",5546
"icr042113","Kenya","Morijo",7,10,35.80049515,-1.70868194,1.0346,0.0019,25.9,1.9,-17.45,"SHZone12",250
"icr042114","Kenya","Morijo",7,10,35.80049515,-1.70868194,1.0221,0.0019,13.5,1.9,-15.95,"SHZone12",366
"icr042117","Kenya","Morijo",8,2,35.80121613,-1.67825699,1.0326,0.0018,23.9,1.8,-11.58,"SHZone12",265
"icr042118","Kenya","Morijo",8,2,35.80121613,-1.67825699,0.9388,0.0016,-69.1,1.6,-10.39,"SHZone12",6475
"icr042141","Kenya","Morijo",9,5,35.8225708,-1.75320995,1.0712,0.0021,62.1,2.1,-20.32,"SHZone12",108
"icr042142","Kenya","Morijo",9,5,35.8225708,-1.75320995,1.0812,0.0021,72.1,2.1,-20.76,"SHZone12",88
"icr042191","Kenya","Morijo",12,2,35.82104874,-1.68677199,1.0735,0.002,64.4,2,-20.8,"SHZone12",103
"icr042192","Kenya","Morijo",12,2,35.82104874,-1.68677199,0.9783,0.0018,-29.9,1.8,-19.56,"SHZone12",2471
"icr042204","Kenya","Morijo",12,9,35.81818008,-1.68444002,1.0729,0.0023,63.8,2.3,-20.85,"SHZone12",104
"icr042204","Kenya","Morijo",12,9,35.81818008,-1.68444002,1.0729,0.0023,63.8,2.3,-20.85,"SHZone12",104
"icr042205","Kenya","Morijo",12,9,35.81818008,-1.68444002,0.956,0.0019,-52.1,1.9,-18.38,"SHZone12",6076
"icr042205","Kenya","Morijo",12,9,35.81818008,-1.68444002,0.956,0.0019,-52.1,1.9,-18.38,"SHZone12",6076
"icr042239","Kenya","Morijo",14,7,35.84237671,-1.73143196,1.0904,0.002,81.2,2,-23.4895,"SHZone12",73
"icr042240","Kenya","Morijo",14,7,35.84237671,-1.73143196,1.055,0.0019,46.1,1.9,-22.1235,"SHZone12",151
"icr042241","Kenya","Morijo",14,8,35.84387589,-1.733603,1.0805,0.0019,71.4,1.9,-18.4085,"SHZone12",89
"icr042242","Kenya","Morijo",14,8,35.84387589,-1.733603,0.9502,0.0018,-57.8,1.8,-16.1115,"SHZone12",6475
"icr042245","Kenya","Morijo",14,10,35.83790207,-1.730443,0.5539,0.0014,-450.8,1.4,-6.15,"SHZone12",6475
"icr042246","Kenya","Morijo",14,10,35.83790207,-1.730443,0.971,0.002,-37.2,2,-11.48,"SHZone12",3380
"icr042265","Kenya","Morijo",16,1,35.8539772,-1.68765497,1.0443,0.0021,35.5,2.1,-14.31,"SHZone12",194
"icr042266","Kenya","Morijo",16,1,35.8539772,-1.68765497,0.5756,0.002,-429.2,2,-4.58,"SHZone12",6475
"icr042267","Kenya","Morijo",16,2,35.85451508,-1.68508506,1.0748,0.0019,65.7,1.9,-18.72,"SHZone12",100
"icr042268","Kenya","Morijo",16,2,35.85451508,-1.68508506,0.9766,0.0026,-31.6,2.6,-16.79,"SHZone12",2663
"icr042280","Kenya","Morijo",16,9,35.848,-1.68759,1.0779,0.0035,68.8,3.5,-12.79,"SHZone12",94
"icr042281","Kenya","Morijo",16,9,35.848,-1.68759,0.9402,0.0018,-67.7,1.8,-11.04,"SHZone12",6475
"icr042282","Kenya","Morijo",16,10,35.8489,-1.68592,1.0739,0.0022,64.8,2.2,-15.51,"SHZone12",102
"icr042283","Kenya","Morijo",16,10,35.8489,-1.68592,0.9719,0.0018,-36.3,1.8,-16.25,"SHZone12",3256
"icr048664","SAfrica","Madadeni",13,2,30.0861,-27.6154,1.0358,0.002,27.1,2,-11.51,"SHZone3",251
"icr048665","SAfrica","Madadeni",13,2,30.0861,-27.6154,0.9008,0.0017,-106.7,1.7,-12.19,"SHZone3",6475
"icr048837","SAfrica","Hopetown",8,2,23.933,-29.7781,0.8925,0.0025,-115,2.5,-17.59,"SHZone3",6475
"icr048837","SAfrica","Hopetown",8,2,23.933,-29.7781,0.8925,0.0025,-115,2.5,-17.59,"SHZone3",6475
"icr048838","SAfrica","Hopetown",8,2,23.933,-29.7781,0.8544,0.0025,-152.8,2.5,-18.62,"SHZone3",6475
"icr050214","Mozambique","Martinho",5,1,38.96290833,-16.17429833,1.0073,0.0023,-1.2,2.3,-15.05,"SHZone3",659
"icr050215","Mozambique","Martinho",5,1,38.96290833,-16.17429833,0.9325,0.0026,-75.4,2.6,-16.59,"SHZone3",6475
"icr050354","Mozambique","Martinho",12,1,38.98612833,-16.11628667,0.9385,0.0054,-69.4,5.4,NA,"SHZone3",6475
"icr050355","Mozambique","Martinho",12,1,38.98612833,-16.11628667,1.0256,0.0032,17,3.2,-19.64,"SHZone3",338
"icr054175","Uganda","Namasuba",1,7,32.26567841,0.49293199,1.0399,0.0022,31.1,2.2,-19.41,"NHZone3",229
"icr054176","Uganda","Namasuba",1,7,32.26567841,0.49293199,0.8672,0.002,-140.1,2,-19.53,"NHZone3",6474
"icr054181","Uganda","Namasuba",1,10,32.26797867,0.49572,1.0231,0.002,14.5,2,-18.51,"NHZone3",370
"icr054182","Uganda","Namasuba",1,10,32.26797867,0.49572,0.9151,0.0026,-92.7,2.6,-18.37,"NHZone3",6474
"icr054188","Uganda","Namasuba",2,4,32.26695633,0.51490003,1.0559,0.0019,47,1.9,-19.36,"NHZone3",157
"icr054189","Uganda","Namasuba",2,4,32.26695633,0.51490003,1.0381,0.002,29.3,2,-18.36,"NHZone3",240
"icr054190","Uganda","Namasuba",2,5,32.27025223,0.51411301,1.0389,0.002,30.1,2,-17.39,"NHZone3",234
"icr054191","Uganda","Namasuba",2,5,32.27025223,0.51411301,0.996,0.0019,-12.4,1.9,-17.42,"NHZone3",1106
"icr054201","Uganda","Namasuba",3,1,32.26804352,0.53347302,1.0236,0.0018,15,1.8,-16.96,"NHZone3",364
"icr054202","Uganda","Namasuba",3,1,32.26804352,0.53347302,0.9324,0.0017,-75.5,1.7,-16.69,"NHZone3",6474
"icr054234","Uganda","Namasuba",4,9,32.26136017,0.55520201,0.9983,0.0024,-10.1,2.4,-18.93,"NHZone3",992
"icr054235","Uganda","Namasuba",4,9,32.26136017,0.55520201,0.9515,0.0018,-56.6,1.8,-17,"NHZone3",6474
"icr054256","Uganda","Namasuba",5,10,32.28332138,0.49879301,1.0728,0.0021,63.7,2.1,-21.43,"NHZone3",110
"icr054257","Uganda","Namasuba",5,10,32.28332138,0.49879301,0.9667,0.0018,-41.5,1.8,-20.17,"NHZone3",4050
"icr054269","Uganda","Namasuba",6,7,32.28722,0.50801003,1.0036,0.0018,-4.9,1.8,-20.73,"NHZone3",781
"icr054270","Uganda","Namasuba",6,7,32.28722,0.50801003,0.9334,0.0019,-74.4,1.9,-19.76,"NHZone3",6474
"icr054285","Uganda","Namasuba",7,8,32.28696823,0.54031301,1.0546,0.002,45.7,2,-22.79,"NHZone3",161
"icr054286","Uganda","Namasuba",7,8,32.28696823,0.54031301,0.975,0.0019,-33.2,1.9,-20.66,"NHZone3",2878
"icr054287","Uganda","Namasuba",7,9,32.29005432,0.53937298,1.0801,0.002,71,2,-17.58,"NHZone3",95
"icr054287","Uganda","Namasuba",7,9,32.29005432,0.53937298,1.0801,0.002,71,2,-17.58,"NHZone3",95
"icr054288","Uganda","Namasuba",7,9,32.29005432,0.53937298,0.9894,0.002,-18.9,2,-17.65,"NHZone3",1508
"icr054301","Uganda","Namasuba",8,5,32.29267502,0.565265,1.0511,0.0022,42.2,2.2,-24.39,"NHZone3",174
"icr054302","Uganda","Namasuba",8,5,32.29267502,0.565265,0.8742,0.0023,-133.2,2.3,-23.18,"NHZone3",6474
"icr054307","Uganda","Namasuba",8,8,32.28472519,0.56025702,1.0326,0.0018,23.9,1.8,-19.97,"NHZone3",278
"icr054308","Uganda","Namasuba",8,8,32.28472519,0.56025702,1.0115,0.0019,3,1.9,-19.2,"NHZone3",560
"icr054309","Uganda","Namasuba",8,9,32.28888702,0.55812198,1.0801,0.002,71,2,-22.75,"NHZone3",95
"icr054309","Uganda","Namasuba",8,9,32.28888702,0.55812198,1.0801,0.002,71,2,-22.75,"NHZone3",95
"icr054310","Uganda","Namasuba",8,9,32.28888702,0.55812198,0.9618,0.0023,-46.3,2.3,-19.83,"NHZone3",4888
"icr054315","Uganda","Namasuba",9,2,32.30392838,0.49693999,1.0933,0.0024,84.1,2.4,-20.3,"NHZone3",73
"icr054316","Uganda","Namasuba",9,2,32.30392838,0.49693999,1.0502,0.0021,41.3,2.1,-19.74,"NHZone3",178
"icr054322","Uganda","Namasuba",9,7,32.3050766,0.49724999,1.0317,0.0033,23,3.3,-22.31,"NHZone3",285
"icr054323","Uganda","Namasuba",9,7,32.3050766,0.49724999,1.0249,0.002,16.3,2,-21.2,"NHZone3",349
"icr054363","Uganda","Namasuba",12,3,32.30693817,0.55994499,1.0015,0.002,-6.9,2,-15.84,"NHZone3",855
"icr054364","Uganda","Namasuba",12,3,32.30693817,0.55994499,0.8541,0.0017,-153.1,1.7,-17.5,"NHZone3",6474
"icr054372","Uganda","Namasuba",12,10,32.30748367,0.55493498,1.0415,0.0034,32.7,3.4,-19.54,"NHZone3",219
"icr054373","Uganda","Namasuba",12,10,32.30748367,0.55493498,0.9723,0.0019,-35.9,1.9,-15.27,"NHZone3",3226
"icr054387","Uganda","Namasuba",14,1,32.33942032,0.51074201,1.0119,0.0022,3.4,2.2,-17.05,"NHZone3",551
"icr054388","Uganda","Namasuba",14,1,32.33942032,0.51074201,0.9321,0.0018,-75.7,1.8,-16.46,"NHZone3",6474
"icr054395","Uganda","Namasuba",14,5,32.33616638,0.50930202,1.059,0.0017,50.1,1.7,-22.66,"NHZone3",146
"icr054396","Uganda","Namasuba",14,5,32.33616638,0.50930202,0.9816,0.0018,-26.6,1.8,-21.93,"NHZone3",2155
"icr054402","Uganda","Namasuba",14,9,32.33401489,0.51394999,1.0558,0.0022,46.8,2.2,-20.47,"NHZone3",157
"icr054403","Uganda","Namasuba",14,9,32.33401489,0.51394999,0.9499,0.003,-58.1,3,-19.25,"NHZone3",6474
"icr054410","Uganda","Namasuba",15,5,32.33211136,0.52495998,1.0438,0.0018,35,1.8,-20.57,"NHZone3",207
"icr054411","Uganda","Namasuba",15,5,32.33211136,0.52495998,1.0156,0.0017,7,1.7,-19.22,"NHZone3",480
"icr054415","Uganda","Namasuba",15,9,32.33204269,0.52944702,1.0266,0.0017,18,1.7,-19.05,"NHZone3",331
"icr054416","Uganda","Namasuba",15,9,32.33204269,0.52944702,0.978,0.0017,-30.3,1.7,-20.02,"NHZone3",2540
"icr054426","Uganda","Namasuba",16,5,32.33074188,0.56059003,1.0281,0.0019,19.5,1.9,-17.22,"NHZone3",316
"icr054427","Uganda","Namasuba",16,5,32.33074188,0.56059003,0.9586,0.0018,-49.5,1.8,-17.29,"NHZone3",5526
"icr054433","Uganda","Namasuba",16,9,32.32992935,0.56426501,1.0432,0.0019,34.4,1.9,-20.33,"NHZone3",210
"icr054434","Uganda","Namasuba",16,9,32.32992935,0.56426501,1.0069,0.0019,-1.6,1.9,-18.73,"NHZone3",677
"icr054445","Uganda","Hoima",1,6,31.46744833,1.452473333,0.9969,0.0019,-11.5,1.9,-15.93,"NHZone3",1061
"icr054446","Uganda","Hoima",1,6,31.46744833,1.452473333,0.96,0.0018,-48,1.8,-15.85,"NHZone3",5218
"icr054446","Uganda","Hoima",1,6,31.46744833,1.452473333,0.96,0.0018,-48,1.8,-15.85,"NHZone3",5218
"icr054449","Uganda","Hoima",1,8,31.472245,1.457278333,1.036,0.0021,27.2,2.1,-17.5,"NHZone3",253
"icr054450","Uganda","Hoima",1,8,31.472245,1.457278333,0.9466,0.0018,-61.4,1.8,-15.4,"NHZone3",6474
"icr054523","Uganda","Hoima",6,7,31.49498167,1.481888333,1.0912,0.002,82,2,-19.08,"NHZone3",77
"icr054524","Uganda","Hoima",6,7,31.49498167,1.481888333,1.0086,0.002,0.1,2,-21.65,"NHZone3",630
"icr054556","Uganda","Hoima",8,8,31.48545833,1.52404,1.0785,0.0019,69.4,1.9,-17.38,"NHZone3",98
"icr054557","Uganda","Hoima",8,8,31.48545833,1.52404,1.0252,0.0019,16.5,1.9,-18.37,"NHZone3",347
"icr054574","Uganda","Hoima",9,6,31.51262,1.461373333,1.0469,0.0019,38,1.9,-17.13,"NHZone3",192
"icr054575","Uganda","Hoima",9,6,31.51262,1.461373333,0.9941,0.0018,-14.3,1.8,-14.59,"NHZone3",1211
"icr054643","Uganda","Hoima",13,4,31.533415,1.45752,1.0604,0.0019,51.4,1.9,-17.4,"NHZone3",142
"icr054644","Uganda","Hoima",13,4,31.533415,1.45752,0.9932,0.0018,-15.2,1.8,-16.33,"NHZone3",1262
"icr054709","Uganda","Hoima",16,8,31.53856333,1.52303,1.0701,0.002,61.1,2,-15.85,"NHZone3",116
"icr054710","Uganda","Hoima",16,8,31.53856333,1.52303,1.0088,0.0019,0.3,1.9,-15.45,"NHZone3",624
"icr056500","Zambia","Monga",16,1,28.32967,-16.04378333,1.0247,0.0033,16.1,3.3,-20.37,"SHZone3",348
"icr056500","Zambia","Monga",16,1,28.32967,-16.04378333,1.0247,0.0033,16.1,3.3,-20.37,"SHZone3",348
"icr056501","Zambia","Monga",16,1,28.32967,-16.04378333,0.9423,0.0054,-65.7,5.4,NA,"SHZone3",6475
"icr056501","Zambia","Monga",16,1,28.32967,-16.04378333,0.9423,0.0054,-65.7,5.4,NA,"SHZone3",6475
"icr062136","Madagascar","Didy",1,2,48.6886,-18.3426,1.0553,0.0021,46.4,2.1,-26.0865,"SHZone3",157
"icr062137","Madagascar","Didy",1,2,48.6886,-18.3426,0.9863,0.0018,-22,1.8,-25.62,"SHZone3",1735
"icr062141","Madagascar","Didy",1,5,48.6894,-18.3452,1.0812,0.0022,72.1,2.2,-26.68,"SHZone3",93
"icr062142","Madagascar","Didy",1,5,48.6894,-18.3452,0.994,0.0021,-14.4,2.1,-25.5,"SHZone3",1208
"icr062147","Madagascar","Didy",1,8,48.6914,-18.3482,1.0492,0.002,40.3,2,-26,"SHZone3",181
"icr062148","Madagascar","Didy",1,8,48.6914,-18.3482,0.9878,0.002,-20.5,2,-25.88,"SHZone3",1617
"icr062151","Madagascar","Didy",1,10,48.6911,-18.3417,1.0691,0.0022,60.1,2.2,-25.96,"SHZone3",118
"icr062152","Madagascar","Didy",1,10,48.6911,-18.3417,0.9692,0.002,-38.9,2,-25.46,"SHZone3",3641
"icr062157","Madagascar","Didy",2,2,48.6871,-18.3113,1.064,0.002,55,2,-26.6315,"SHZone3",131
"icr062158","Madagascar","Didy",2,2,48.6871,-18.3113,0.9871,0.0018,-21.2,1.8,-25.4745,"SHZone3",1671
"icr062159","Madagascar","Didy",2,3,48.6861,-18.3158,1.0231,0.0018,14.5,1.8,-26.14,"SHZone3",366
"icr062160","Madagascar","Didy",2,3,48.6861,-18.3158,0.9365,0.0017,-71.4,1.7,-25.52,"SHZone3",6475
"icr062165","Madagascar","Didy",2,6,48.689,-18.3145,1.059,0.0018,50.1,1.8,-26.28,"SHZone3",145
"icr062165","Madagascar","Didy",2,6,48.689,-18.3145,1.059,0.0018,50.1,1.8,-26.28,"SHZone3",145
"icr062166","Madagascar","Didy",2,6,48.689,-18.3145,1.0594,0.0018,50.5,1.8,-26.51,"SHZone3",144
"icr062167","Madagascar","Didy",2,7,48.6913,-18.3171,1.0516,0.0019,42.8,1.9,-26.31,"SHZone3",170
"icr062167","Madagascar","Didy",2,7,48.6913,-18.3171,1.0516,0.0019,42.8,1.9,-26.31,"SHZone3",170
"icr062168","Madagascar","Didy",2,7,48.6913,-18.3171,0.9949,0.0017,-13.4,1.7,-25.42,"SHZone3",1152
"icr062169","Madagascar","Didy",2,8,48.6868,-18.3108,1.063,0.002,54.1,2,-26.35,"SHZone3",133
"icr062170","Madagascar","Didy",2,8,48.6868,-18.3108,0.9916,0.0017,-16.7,1.7,-25.61,"SHZone3",1349
"icr062170","Madagascar","Didy",2,8,48.6868,-18.3108,0.9916,0.0017,-16.7,1.7,-25.61,"SHZone3",1349
"icr062179","Madagascar","Didy",3,3,48.6889,-18.3041,1.0841,0.0021,74.9,2.1,-27.0615,"SHZone3",88
"icr062180","Madagascar","Didy",3,3,48.6889,-18.3041,1.0339,0.0019,25.2,1.9,-26.0885,"SHZone3",265
"icr062180","Madagascar","Didy",3,3,48.6889,-18.3041,1.0339,0.0019,25.2,1.9,-26.0885,"SHZone3",265
"icr062180","Madagascar","Didy",3,3,48.6889,-18.3041,1.0339,0.0019,25.2,1.9,-26.0885,"SHZone3",265
"icr062183","Madagascar","Didy",3,5,48.6864,-18.301,1.0375,0.0034,28.7,3.4,-26.04,"SHZone3",241
"icr062184","Madagascar","Didy",3,5,48.6864,-18.301,0.9951,0.0021,-13.3,2.1,-25.46,"SHZone3",1146
"icr062187","Madagascar","Didy",3,7,48.6897,-18.3016,1.0314,0.0022,22.7,2.2,-25.68,"SHZone3",284
"icr062188","Madagascar","Didy",3,7,48.6897,-18.3016,0.91,0.0021,-97.7,2.1,-25.08,"SHZone3",6475
"icr062195","Madagascar","Didy",4,1,48.6875,-18.2759,1.0745,0.0019,65.4,1.9,-26.4365,"SHZone3",106
"icr062196","Madagascar","Didy",4,1,48.6875,-18.2759,1.034,0.0019,25.3,1.9,-26.0195,"SHZone3",264
"icr062196","Madagascar","Didy",4,1,48.6875,-18.2759,1.034,0.0019,25.3,1.9,-26.0195,"SHZone3",264
"icr062199","Madagascar","Didy",4,3,48.6856,-18.2763,1.0894,0.0035,80.2,3.5,-26.36,"SHZone3",79
"icr062200","Madagascar","Didy",4,3,48.6856,-18.2763,0.9515,0.0019,-56.5,1.9,-25.04,"SHZone3",6475
"icr062201","Madagascar","Didy",4,4,48.6847,-18.2806,1.0367,0.0018,27.9,1.8,-26.25,"SHZone3",246
"icr062202","Madagascar","Didy",4,4,48.6847,-18.2806,0.9805,0.0019,-27.7,1.9,-25.77,"SHZone3",2256
"icr062203","Madagascar","Didy",4,5,48.688,-18.2833,1.0772,0.0025,68.2,2.5,-26.48,"SHZone3",100
"icr062204","Madagascar","Didy",4,5,48.688,-18.2833,0.9972,0.0021,-11.2,2.1,-25.4,"SHZone3",1036
"icr062209","Madagascar","Didy",4,8,48.6918,-18.2811,1.0645,0.002,55.5,2,-26.18,"SHZone3",129
"icr062210","Madagascar","Didy",4,8,48.6918,-18.2811,0.9643,0.0023,-43.8,2.3,-25.66,"SHZone3",4428
"icr062211","Madagascar","Didy",4,9,48.6881,-18.2798,1.0339,0.0034,25.2,3.4,-26.17,"SHZone3",265
"icr062211","Madagascar","Didy",4,9,48.6881,-18.2798,1.0339,0.0034,25.2,3.4,-26.17,"SHZone3",265
"icr062211","Madagascar","Didy",4,9,48.6881,-18.2798,1.0339,0.0034,25.2,3.4,-26.17,"SHZone3",265
"icr062212","Madagascar","Didy",4,9,48.6881,-18.2798,0.9407,0.003,-67.3,3,-25.29,"SHZone3",6475
"icr062213","Madagascar","Didy",4,10,48.6938,-18.2774,1.0465,0.0034,37.6,3.4,-26.29,"SHZone3",192
"icr062214","Madagascar","Didy",4,10,48.6938,-18.2774,1.0005,0.0021,-7.9,2.1,-25.44,"SHZone3",889
"icr062219","Madagascar","Didy",5,3,48.7164,-18.3374,1.0769,0.0022,67.9,2.2,-26.1075,"SHZone3",101
"icr062220","Madagascar","Didy",5,3,48.7164,-18.3374,1.0033,0.0017,-5.2,1.7,-25.8805,"SHZone3",786
"icr062227","Madagascar","Didy",5,7,48.7087,-18.3377,1.0276,0.002,18.9,2,-25.86,"SHZone3",319
"icr062228","Madagascar","Didy",5,7,48.7087,-18.3377,0.9654,0.0018,-42.7,1.8,-25.54,"SHZone3",4240
"icr062228","Madagascar","Didy",5,7,48.7087,-18.3377,0.9654,0.0018,-42.7,1.8,-25.54,"SHZone3",4240
"icr062237","Madagascar","Didy",6,2,48.7092,-18.3233,1.0446,0.002,35.8,2,-26.0115,"SHZone3",201
"icr062238","Madagascar","Didy",6,2,48.7092,-18.3233,0.9815,0.0021,-26.8,2.1,-25.5615,"SHZone3",2166
"icr062241","Madagascar","Didy",6,4,48.7156,-18.3228,1.0588,0.0019,49.9,1.9,-26.16,"SHZone3",146
"icr062242","Madagascar","Didy",6,4,48.7156,-18.3228,0.9532,0.0019,-54.9,1.9,-25.47,"SHZone3",6475
"icr062243","Madagascar","Didy",6,5,48.7144,-18.3216,1.0386,0.002,29.9,2,-25.51,"SHZone3",233
"icr062244","Madagascar","Didy",6,5,48.7144,-18.3216,0.9654,0.0018,-42.7,1.8,-25.22,"SHZone3",4240
"icr062244","Madagascar","Didy",6,5,48.7144,-18.3216,0.9654,0.0018,-42.7,1.8,-25.22,"SHZone3",4240
"icr062247","Madagascar","Didy",6,7,48.7119,-18.317,1.0339,0.0018,25.2,1.8,-26.07,"SHZone3",265
"icr062247","Madagascar","Didy",6,7,48.7119,-18.317,1.0339,0.0018,25.2,1.8,-26.07,"SHZone3",265
"icr062247","Madagascar","Didy",6,7,48.7119,-18.317,1.0339,0.0018,25.2,1.8,-26.07,"SHZone3",265
"icr062248","Madagascar","Didy",6,7,48.7119,-18.317,1.0346,0.002,25.9,2,-25.92,"SHZone3",260
"icr062249","Madagascar","Didy",6,8,48.7139,-18.3219,1.0532,0.0019,44.4,1.9,-25.82,"SHZone3",164
"icr062250","Madagascar","Didy",6,8,48.7139,-18.3219,0.9775,0.002,-30.7,2,-25.32,"SHZone3",2577
"icr062251","Madagascar","Didy",6,9,48.7118,-18.3216,1.0557,0.002,46.8,2,-26.05,"SHZone3",156
"icr062251","Madagascar","Didy",6,9,48.7118,-18.3216,1.0557,0.002,46.8,2,-26.05,"SHZone3",156
"icr062252","Madagascar","Didy",6,9,48.7118,-18.3216,0.9422,0.0019,-65.7,1.9,-25.18,"SHZone3",6475
"icr062252","Madagascar","Didy",6,9,48.7118,-18.3216,0.9422,0.0019,-65.7,1.9,-25.18,"SHZone3",6475
"icr062253","Madagascar","Didy",6,10,48.7157,-18.318,1.0426,0.0021,33.8,2.1,-26.35,"SHZone3",211
"icr062254","Madagascar","Didy",6,10,48.7157,-18.318,1.0248,0.002,16.1,2,-25.43,"SHZone3",348
"icr062254","Madagascar","Didy",6,10,48.7157,-18.318,1.0248,0.002,16.1,2,-25.43,"SHZone3",348
"icr062259","Madagascar","Didy",7,3,48.7147,-18.2955,1.0585,0.0018,49.6,1.8,-26.2875,"SHZone3",146
"icr062260","Madagascar","Didy",7,3,48.7147,-18.2955,0.979,0.0018,-29.3,1.8,-25.6945,"SHZone3",2423
"icr062261","Madagascar","Didy",7,4,48.7112,-18.2946,1.0119,0.0021,3.4,2.1,-26.44,"SHZone3",546
"icr062262","Madagascar","Didy",7,4,48.7112,-18.2946,1.0125,0.0021,3.9,2.1,-26.39,"SHZone3",535
"icr062263","Madagascar","Didy",7,5,48.7105,-18.2959,1.0708,0.0036,61.8,3.6,-26.74,"SHZone3",114
"icr062264","Madagascar","Didy",7,5,48.7105,-18.2959,0.9832,0.0032,-25.1,3.2,-25.79,"SHZone3",2004
"icr062265","Madagascar","Didy",7,6,48.7069,-18.2948,1.0614,0.0035,52.5,3.5,-25.56,"SHZone3",138
"icr062266","Madagascar","Didy",7,6,48.7069,-18.2948,0.9653,0.0021,-42.9,2.1,-25.64,"SHZone3",4274
"icr062281","Madagascar","Didy",8,5,48.7098,-18.2787,1.04,0.0018,31.2,1.8,-26.4475,"SHZone3",226
"icr062282","Madagascar","Didy",8,5,48.7098,-18.2787,1.0105,0.0018,2,1.8,-25.4515,"SHZone3",577
"icr062287","Madagascar","Didy",8,8,48.711,-18.2751,1.0549,0.0036,46,3.6,-26.02,"SHZone3",159
"icr062288","Madagascar","Didy",8,8,48.711,-18.2751,0.9689,0.0023,-39.3,2.3,-25.69,"SHZone3",3701
"icr062294","Madagascar","Didy",9,1,48.7392,-18.349,1.0517,0.0061,42.8,6.1,NA,"SHZone3",170
"icr062294","Madagascar","Didy",9,1,48.7392,-18.349,1.0517,0.0061,42.8,6.1,NA,"SHZone3",170
"icr062295","Madagascar","Didy",9,1,48.7392,-18.349,0.9565,0.0059,-51.6,5.9,NA,"SHZone3",5977
"icr062296","Madagascar","Didy",9,2,48.7347,-18.3434,1.0438,0.0018,34.9,1.8,-25.72,"SHZone3",205
"icr062297","Madagascar","Didy",9,2,48.7347,-18.3434,0.9836,0.0016,-24.7,1.6,-25.53,"SHZone3",1968
"icr062298","Madagascar","Didy",9,3,48.7403,-18.3477,1.0268,0.0017,18.2,1.7,-25.71,"SHZone3",325
"icr062299","Madagascar","Didy",9,3,48.7403,-18.3477,1.0528,0.0016,43.9,1.6,-26.09,"SHZone3",166
"icr062302","Madagascar","Didy",9,5,48.7331,-18.3427,1.057,0.0019,48.1,1.9,-26.39,"SHZone3",152
"icr062303","Madagascar","Didy",9,5,48.7331,-18.3427,0.9672,0.0018,-40.9,1.8,-25.64,"SHZone3",3947
"icr062306","Madagascar","Didy",9,7,48.7353,-18.3491,1.0652,0.0018,56.2,1.8,-26.36,"SHZone3",127
"icr062307","Madagascar","Didy",9,7,48.7353,-18.3491,0.9979,0.0016,-10.5,1.6,-25.91,"SHZone3",1004
"icr062308","Madagascar","Didy",9,8,48.7346,-18.3483,1.0409,0.0019,32.1,1.9,-25.87,"SHZone3",220
"icr062309","Madagascar","Didy",9,8,48.7346,-18.3483,1.0137,0.0018,5.2,1.8,-25.58,"SHZone3",510
"icr062312","Madagascar","Didy",9,10,48.7391,-18.3409,1.0403,0.0019,31.5,1.9,-25.84,"SHZone3",224
"icr062313","Madagascar","Didy",9,10,48.7391,-18.3409,0.9987,0.0019,-9.7,1.9,-25.6,"SHZone3",966
"icr062316","Madagascar","Didy",10,2,48.7354,-18.32,0.9982,0.0018,-10.2,1.8,-25.34,"SHZone3",989
"icr062317","Madagascar","Didy",10,2,48.7354,-18.32,1.048,0.0019,39.1,1.9,-25.97,"SHZone3",186
"icr062318","Madagascar","Didy",10,3,48.7376,-18.3213,1.059,0.0021,50.1,2.1,-26,"SHZone3",145
"icr062318","Madagascar","Didy",10,3,48.7376,-18.3213,1.059,0.0021,50.1,2.1,-26,"SHZone3",145
"icr062319","Madagascar","Didy",10,3,48.7376,-18.3213,0.9359,0.0018,-72,1.8,-25.28,"SHZone3",6475
"icr062320","Madagascar","Didy",10,7,48.738,-18.3232,1.0554,0.0019,46.5,1.9,-25.95,"SHZone3",157
"icr062321","Madagascar","Didy",10,7,48.738,-18.3232,0.9519,0.0018,-56.1,1.8,-25.18,"SHZone3",6475
"icr062322","Madagascar","Didy",10,8,48.7375,-18.3185,1.0497,0.0018,40.9,1.8,-26.13,"SHZone3",178
"icr062323","Madagascar","Didy",10,8,48.7375,-18.3185,0.977,0.0022,-31.3,2.2,-25.56,"SHZone3",2645
"icr062324","Madagascar","Didy",10,9,48.7358,-18.3188,1.0685,0.0018,59.5,1.8,-26.12,"SHZone3",119
"icr062325","Madagascar","Didy",10,9,48.7358,-18.3188,1.0158,0.002,7.2,2,-25.77,"SHZone3",472
"icr062336","Madagascar","Didy",11,2,48.7418,-18.297,1.0523,0.0019,43.4,1.9,-26.35,"SHZone3",168
"icr062337","Madagascar","Didy",11,2,48.7418,-18.297,0.9628,0.002,-45.3,2,-25.82,"SHZone3",4695
"icr062339","Madagascar","Didy",11,4,48.7365,-18.2977,1.0605,0.0019,51.6,1.9,-25.86,"SHZone3",140
"icr062340","Madagascar","Didy",11,4,48.7365,-18.2977,0.953,0.0019,-55.1,1.9,-25.34,"SHZone3",6475
"icr062351","Madagascar","Didy",11,10,48.736,-18.3009,1.0512,0.0019,42.3,1.9,-25.81,"SHZone3",172
"icr062352","Madagascar","Didy",11,10,48.736,-18.3009,0.9059,0.0018,-101.7,1.8,-25.01,"SHZone3",6475
"icr062353","Madagascar","Didy",12,1,48.7363,-18.2763,1.0643,0.0018,55.4,1.8,-25.93,"SHZone3",130
"icr062354","Madagascar","Didy",12,1,48.7363,-18.2763,0.9703,0.002,-37.9,2,-25.23,"SHZone3",3496
"icr062355","Madagascar","Didy",12,2,48.7349,-18.2724,1.0372,0.0017,28.5,1.7,-25.73,"SHZone3",242
"icr062356","Madagascar","Didy",12,2,48.7349,-18.2724,0.9509,0.0021,-57.1,2.1,-25.02,"SHZone3",6475
"icr062357","Madagascar","Didy",12,3,48.7321,-18.2748,1.0457,0.0017,36.9,1.7,-26.28,"SHZone3",196
"icr062358","Madagascar","Didy",12,3,48.7321,-18.2748,0.9789,0.002,-29.4,2,-25.71,"SHZone3",2434
"icr062359","Madagascar","Didy",12,4,48.7372,-18.2749,1.0317,0.0017,23,1.7,-25.9,"SHZone3",282
"icr062360","Madagascar","Didy",12,4,48.7372,-18.2749,0.9786,0.0016,-29.7,1.6,-25.85,"SHZone3",2466
"icr062365","Madagascar","Didy",12,7,48.7338,-18.2715,1.0475,0.0018,38.7,1.8,-25.78,"SHZone3",187
"icr062366","Madagascar","Didy",12,7,48.7338,-18.2715,0.9905,0.0018,-17.8,1.8,-25.56,"SHZone3",1422
"icr062369","Madagascar","Didy",12,9,48.7336,-18.2716,1.0557,0.0018,46.8,1.8,-26,"SHZone3",156
"icr062369","Madagascar","Didy",12,9,48.7336,-18.2716,1.0557,0.0018,46.8,1.8,-26,"SHZone3",156
"icr062370","Madagascar","Didy",12,9,48.7336,-18.2716,1.0075,0.002,-1,2,-25.67,"SHZone3",654
"icr062381","Madagascar","Didy",13,5,48.7638,-18.3392,1.0561,0.0018,47.2,1.8,-26.02,"SHZone3",154
"icr062382","Madagascar","Didy",13,5,48.7638,-18.3392,0.9721,0.0021,-36.1,2.1,-25.16,"SHZone3",3245
"icr062383","Madagascar","Didy",13,6,48.7624,-18.338,1.0526,0.002,43.7,2,-26.16,"SHZone3",167
"icr062384","Madagascar","Didy",13,6,48.7624,-18.338,1.0151,0.0016,6.5,1.6,-25.64,"SHZone3",484
"icr062387","Madagascar","Didy",13,8,48.7613,-18.3395,1.0325,0.0017,23.8,1.7,-26.01,"SHZone3",276
"icr062388","Madagascar","Didy",13,8,48.7613,-18.3395,0.9352,0.0019,-72.7,1.9,-25.34,"SHZone3",6475
"icr062391","Madagascar","Didy",13,10,48.7611,-18.3433,1.054,0.0018,45.1,1.8,-26.21,"SHZone3",162
"icr062392","Madagascar","Didy",13,10,48.7611,-18.3433,0.988,0.0019,-20.3,1.9,-25.69,"SHZone3",1601
"icr062393","Madagascar","Didy",14,1,48.7623,-18.3122,1.0738,0.0019,64.7,1.9,-26.45,"SHZone3",107
"icr062394","Madagascar","Didy",14,1,48.7623,-18.3122,1.089,0.0021,79.8,2.1,-26.81,"SHZone3",80
"icr062399","Madagascar","Didy",14,4,48.7582,-18.3182,1.0575,0.002,48.6,2,-24.76,"SHZone3",150
"icr062400","Madagascar","Didy",14,4,48.7582,-18.3182,0.9215,0.002,-86.2,2,-24.54,"SHZone3",6475
"icr062403","Madagascar","Didy",14,6,48.7584,-18.3086,1.0658,0.0018,56.9,1.8,-25.96,"SHZone3",126
"icr062404","Madagascar","Didy",14,6,48.7584,-18.3086,0.9479,0.0019,-60.1,1.9,-25.27,"SHZone3",6475
"icr062405","Madagascar","Didy",14,7,48.7611,-18.3128,1.0542,0.0019,45.3,1.9,-25.73,"SHZone3",161
"icr062406","Madagascar","Didy",14,7,48.7611,-18.3128,0.9622,0.0019,-45.9,1.9,-25.21,"SHZone3",4806
"icr062407","Madagascar","Didy",14,8,48.7602,-18.3164,1.0895,0.0019,80.3,1.9,-26.68,"SHZone3",79
"icr062408","Madagascar","Didy",14,8,48.7602,-18.3164,0.9446,0.002,-63.4,2,-25.2,"SHZone3",6475
"icr062409","Madagascar","Didy",14,9,48.7614,-18.3162,1.052,0.002,43.1,2,-26.1,"SHZone3",169
"icr062410","Madagascar","Didy",14,9,48.7614,-18.3162,0.9781,0.0022,-30.2,2.2,-25.7,"SHZone3",2521
"icr062411","Madagascar","Didy",14,10,48.7614,-18.3125,1.034,0.0019,25.3,1.9,-25.93,"SHZone3",264
"icr062411","Madagascar","Didy",14,10,48.7614,-18.3125,1.034,0.0019,25.3,1.9,-25.93,"SHZone3",264
"icr062412","Madagascar","Didy",14,10,48.7614,-18.3125,0.9659,0.0018,-42.3,1.8,-25.39,"SHZone3",4174
"icr062415","Madagascar","Didy",15,2,48.7488,-18.3018,1.0815,0.0019,72.4,1.9,-26.8,"SHZone3",92
"icr062416","Madagascar","Didy",15,2,48.7488,-18.3018,0.9688,0.0018,-39.4,1.8,-25.4,"SHZone3",3716
"icr062417","Madagascar","Didy",15,3,48.7572,-18.3024,1.0555,0.0022,46.6,2.2,-26.47,"SHZone3",156
"icr062418","Madagascar","Didy",15,3,48.7572,-18.3024,0.9954,0.0019,-13,1.9,-26.09,"SHZone3",1130
"icr062421","Madagascar","Didy",15,5,48.7573,-18.303,1.0474,0.0021,38.5,2.1,-26.46,"SHZone3",188
"icr062422","Madagascar","Didy",15,5,48.7573,-18.303,1.0515,0.0018,42.6,1.8,-26.5,"SHZone3",171
"icr062427","Madagascar","Didy",15,8,48.7506,-18.2992,1.0495,0.002,40.7,2,-26.05,"SHZone3",179
"icr062428","Madagascar","Didy",15,8,48.7506,-18.2992,0.9604,0.002,-47.7,2,-25.2,"SHZone3",5151
"icr062431","Madagascar","Didy",15,10,48.7535,-18.2949,1.0274,0.0018,18.7,1.8,-25.64,"SHZone3",320
"icr062432","Madagascar","Didy",15,10,48.7535,-18.2949,0.8956,0.0017,-112,1.8,-25.23,"SHZone3",6475
"icr062432","Madagascar","Didy",15,10,48.7535,-18.2949,0.8956,0.0017,-112,1.8,-25.23,"SHZone3",6475
"icr062435","Madagascar","Didy",16,2,48.7581,-18.2736,1.0461,0.0019,37.3,1.9,-25.89,"SHZone3",194
"icr062436","Madagascar","Didy",16,2,48.7581,-18.2736,0.9409,0.0017,-67,1.7,-25.34,"SHZone3",6475
"icr062437","Madagascar","Didy",16,3,48.7558,-18.2809,1.0225,0.0019,13.8,1.9,-26.3,"SHZone3",375
"icr062438","Madagascar","Didy",16,3,48.7558,-18.2809,0.9272,0.0018,-80.6,1.8,-25.06,"SHZone3",6475
"icr062439","Madagascar","Didy",16,4,48.7579,-18.2813,1.0264,0.0034,17.8,3.4,-26.1,"SHZone3",329
"icr062440","Madagascar","Didy",16,4,48.7579,-18.2813,1.0294,0.0023,20.8,2.3,-26.15,"SHZone3",301
"icr062443","Madagascar","Didy",16,7,48.763,-18.2765,1.0235,0.0034,14.9,3.4,-25.76,"SHZone3",361
"icr062444","Madagascar","Didy",16,7,48.763,-18.2765,0.8842,0.0024,-123.3,2.4,-24.72,"SHZone3",6475
"icr062451","Madagascar","Didy",16,11,48.763,-18.2754,1.0154,0.002,6.9,2,-25.47,"SHZone3",477
"icr062452","Madagascar","Didy",16,11,48.763,-18.2754,0.9161,0.0019,-91.6,1.9,-24.16,"SHZone3",6475
"icr068131","Niger","Nyalagari",2,7,1.735128333,13.393575,0.8466,0.0051,-160.5,5.1,NA,"NHZone3",6474
"icr068132","Niger","Nyalagari",2,7,1.735128333,13.393575,0.7504,0.0047,-255.9,4.7,NA,"NHZone3",6474
"icr068149","Niger","Nyalagari",3,6,1.731593333,13.418405,0.8937,0.0059,-113.8,5.9,NA,"NHZone3",6474
"icr068150","Niger","Nyalagari",3,6,1.731593333,13.418405,0.8098,0.005,-197,5,NA,"NHZone3",6474
"icr068161","Niger","Nyalagari",4,2,1.738738333,13.43555333,0.991,0.0024,-17.4,2.4,-22.42,"NHZone3",1402
"icr068162","Niger","Nyalagari",4,2,1.738738333,13.43555333,0.9695,0.0026,-38.7,2.6,-22.11,"NHZone3",3619
"icr068221","Niger","Nyalagari",7,2,1.754711667,13.41339833,0.826,0.0051,-180.9,5.1,NA,"NHZone3",6474
"icr068222","Niger","Nyalagari",7,2,1.754711667,13.41339833,0.7844,0.0049,-222.3,4.9,NA,"NHZone3",6474
"icr068279","Niger","Nyalagari",10,1,1.77919,13.38991667,0.9488,0.0024,-59.2,2.4,-19.74,"NHZone3",6474
"icr068280","Niger","Nyalagari",10,1,1.77919,13.38991667,0.9971,0.0029,-11.3,2.9,-19.77,"NHZone3",1048
"icr068321","Niger","Nyalagari",12,2,1.777961667,13.43786,0.9815,0.0025,-26.7,2.5,-22.37,"NHZone3",2164
"icr068322","Niger","Nyalagari",12,2,1.777961667,13.43786,0.973,0.0022,-35.2,2.2,-22.47,"NHZone3",3132
"icr068339","Niger","Nyalagari",13,1,1.804516667,13.37199833,0.921,0.0053,-86.8,5.3,NA,"NHZone3",6474
"icr068340","Niger","Nyalagari",13,1,1.804516667,13.37199833,0.8839,0.0052,-123.6,5.2,NA,"NHZone3",6474
"icr068340","Niger","Nyalagari",13,1,1.804516667,13.37199833,0.8839,0.0052,-123.6,5.2,NA,"NHZone3",6474
"icr068361","Niger","Nyalagari",14,2,1.798298333,13.38568167,0.9642,0.0028,-43.9,2.8,-22.92,"NHZone3",4451
"icr068362","Niger","Nyalagari",14,2,1.798298333,13.38568167,0.9219,0.0026,-85.9,2.6,-22.08,"NHZone3",6474
"icr068381","Niger","Nyalagari",15,2,1.802671667,13.404805,0.928,0.0026,-79.8,2.6,-23.75,"NHZone3",6474
"icr068382","Niger","Nyalagari",15,2,1.802671667,13.404805,0.8715,0.0031,-135.8,3.1,-23.44,"NHZone3",6474
"icr068399","Niger","Nyalagari",16,1,1.799123333,13.43122,1.0073,0.0023,-1.2,2.3,-22.06,"NHZone3",665
"icr068400","Niger","Nyalagari",16,1,1.799123333,13.43122,0.9164,0.003,-91.3,3,-20.88,"NHZone3",6474
"icr068419","Nigeria","Pampaida",1,3,8.123596667,11.28078,1.031,0.0029,22.3,2.9,-17.56,"NHZone3",291
"icr068420","Nigeria","Pampaida",1,3,8.123596667,11.28078,0.9424,0.0029,-65.6,2.9,-17.05,"NHZone3",6474
"icr068499","Nigeria","Pampaida",5,1,8.145926667,11.29146167,1.0461,0.002,37.3,2,-18.67,"NHZone3",196
"icr068500","Nigeria","Pampaida",5,1,8.145926667,11.29146167,0.8839,0.0032,-123.6,3.2,-18.14,"NHZone3",6474
"icr068500","Nigeria","Pampaida",5,1,8.145926667,11.29146167,0.8839,0.0032,-123.6,3.2,-18.14,"NHZone3",6474
"icr068521","Nigeria","Pampaida",6,2,8.148253333,11.31266,0.9984,0.0032,-10,3.2,-19.04,"NHZone3",987
"icr068522","Nigeria","Pampaida",6,2,8.148253333,11.31266,0.8612,0.0031,-146.1,3.1,-19.47,"NHZone3",6474
"icr068539","Nigeria","Pampaida",7,1,8.150375,11.33524167,1.0304,0.0021,21.7,2.1,-18.77,"NHZone3",296
"icr068540","Nigeria","Pampaida",7,1,8.150375,11.33524167,0.9476,0.0019,-60.4,1.9,-16.67,"NHZone3",6474
"icr068579","Nigeria","Pampaida",9,1,8.166768333,11.28065833,0.9561,0.003,-51.9,3,-18.11,"NHZone3",6053
"icr068580","Nigeria","Pampaida",9,1,8.166768333,11.28065833,0.8814,0.003,-126.1,2.9,-17.36,"NHZone3",6474
"icr068677","Nigeria","Pampaida",14,1,8.19152,11.30931667,1.0528,0.0029,43.9,2.9,-20.45,"NHZone3",168
"icr068678","Nigeria","Pampaida",14,1,8.19152,11.30931667,0.9139,0.0033,-93.8,3.3,-19.59,"NHZone3",6474
"icr068717","Nigeria","Pampaida",16,1,8.194856667,11.34667,1.061,0.0021,52.1,2.1,-17.84,"NHZone3",140
"icr068718","Nigeria","Pampaida",16,1,8.194856667,11.34667,0.8981,0.0032,-109.5,3.2,-17,"NHZone3",6474
"icr070124","Nigeria","Kutigi",2,2,5.671851667,9.191568333,1.0512,0.002,42.3,2,-19.87,"NHZone3",174
"icr070125","Nigeria","Kutigi",2,2,5.671851667,9.191568333,0.9319,0.0026,-75.9,2.6,-17.66,"NHZone3",6474
"icr070262","Nigeria","Kutigi",9,4,5.711345,9.17576,1.0206,0.0033,12,3.3,-20.84,"NHZone3",402
"icr070263","Nigeria","Kutigi",9,4,5.711345,9.17576,0.8682,0.0052,-139.1,5.2,NA,"NHZone3",6474
"icr070370","Nigeria","Kutigi",15,3,5.73423,9.217246667,1.0251,0.0025,16.4,2.5,-18.33,"NHZone3",348
"icr070370","Nigeria","Kutigi",15,3,5.73423,9.217246667,1.0251,0.0025,16.4,2.5,-18.33,"NHZone3",348
"icr070371","Nigeria","Kutigi",15,3,5.73423,9.217246667,0.9317,0.0054,-76.2,5.4,NA,"NHZone3",6474
"icr072246","Angola","Sanza Pompo",1,1,15.68749167,-7.37775,1.1042,0.002,94.9,2,-19.9,"SHZone12",55
"icr072247","Angola","Sanza Pompo",1,1,15.68749167,-7.37775,0.9961,0.0018,-12.3,1.8,-16.49,"SHZone12",1072
"icr072286","Angola","Sanza Pompo",3,1,15.687965,-7.331673333,1.0855,0.002,76.4,2,-19.83,"SHZone12",81
"icr072287","Angola","Sanza Pompo",3,1,15.687965,-7.331673333,1.0032,0.0018,-5.2,1.8,-18.11,"SHZone12",768
"icr072365","Angola","Sanza Pompo",7,1,15.71909667,-7.340811667,1.0626,0.0019,53.7,1.9,-13.73,"SHZone12",128
"icr072366","Angola","Sanza Pompo",7,1,15.71909667,-7.340811667,0.9968,0.002,-11.6,2,-12.77,"SHZone12",1037
"icr072425","Angola","Sanza Pompo",10,1,15.73790167,-7.361311667,1.0693,0.0018,60.3,1.8,-18.94,"SHZone12",112
"icr072426","Angola","Sanza Pompo",10,1,15.73790167,-7.361311667,1.022,0.0019,13.3,1.9,-16.23,"SHZone12",368
"icr072596","Angola","Mucope",1,1,14.883505,-16.26941333,0.9781,0.003,-30.1,3,-20.7,"SHZone3",2510
"icr072597","Angola","Mucope",1,1,14.883505,-16.26941333,0.8829,0.0031,-124.5,3.1,-20.3,"SHZone3",6475
"icr072716","Angola","Mucope",7,1,14.89889,-16.225095,0.9484,0.0031,-59.6,3.1,-21.23,"SHZone3",6475
"icr072717","Angola","Mucope",7,1,14.89889,-16.225095,0.8364,0.0049,-170.7,4.9,NA,"SHZone3",6475
"icr072756","Angola","Mucope",9,1,14.930115,-16.26354667,0.9759,0.0032,-32.3,3.2,-23.36,"SHZone3",2762
"icr072757","Angola","Mucope",9,1,14.930115,-16.26354667,0.8441,0.003,-163,2.9,-22.27,"SHZone3",6475
"icr072816","Angola","Mucope",12,1,14.92257333,-16.203565,0.9939,0.0027,-14.5,2.7,-19.09,"SHZone3",1214
"icr072817","Angola","Mucope",12,1,14.92257333,-16.203565,0.8601,0.003,-147.1,2.9,-20.1,"SHZone3",6475
"icr072836","Angola","Mucope",13,1,14.958435,-16.268775,1.0271,0.003,18.5,3,-22.33,"SHZone3",322
"icr072837","Angola","Mucope",13,1,14.958435,-16.268775,0.8921,0.0043,-115.4,4.3,-22.23,"SHZone3",6475
"icr072896","Angola","Mucope",16,1,14.95128667,-16.20006,0.9832,0.0032,-25,3.2,-23,"SHZone3",1995
"icr072896","Angola","Mucope",16,1,14.95128667,-16.20006,0.9832,0.0032,-25,3.2,-23,"SHZone3",1995
"icr072897","Angola","Mucope",16,1,14.95128667,-16.20006,0.8956,0.0031,-112,3.1,-22.75,"SHZone3",6475
"icr072897","Angola","Mucope",16,1,14.95128667,-16.20006,0.8956,0.0031,-112,3.1,-22.75,"SHZone3",6475
"icr072968","Angola","Bimbe",2,1,15.87774167,-11.75044833,1.05,0.0019,41.1,1.9,-20.03,"SHZone12",170
"icr072969","Angola","Bimbe",2,1,15.87774167,-11.75044833,1.0258,0.0019,17.2,1.9,-19.54,"SHZone12",324
"icr073068","Angola","Bimbe",7,1,15.90537,-11.72861167,1.0455,0.0017,36.7,1.7,-18.08,"SHZone12",189
"icr073069","Angola","Bimbe",7,1,15.90537,-11.72861167,1.0388,0.0017,30,1.7,-18.87,"SHZone12",224
"icr073148","Angola","Bimbe",11,1,15.92955167,-11.72815,1.0341,0.0019,25.4,1.9,-17.87,"SHZone12",254
"icr073149","Angola","Bimbe",11,1,15.92955167,-11.72815,0.9682,0.0028,-39.9,2.8,-17.14,"SHZone12",3776
"icr073168","Angola","Bimbe",12,1,15.92522667,-11.70322333,1.0577,0.0019,48.8,1.9,-19.27,"SHZone12",143
"icr073169","Angola","Bimbe",12,1,15.92522667,-11.70322333,0.9879,0.0032,-20.5,3.2,-18.62,"SHZone12",1596
"icr073228","Angola","Bimbe",15,1,15.94343,-11.72477,1.0522,0.0022,43.4,2.2,-15.52,"SHZone12",161
"icr073229","Angola","Bimbe",15,1,15.94343,-11.72477,0.9944,0.0018,-14,1.8,-15.69,"SHZone12",1167
"icr073300","Angola","Luimbale",1,1,15.14388333,-12.35919,1.0001,0.002,-8.3,2,-15.62,"SHZone12",886
"icr073301","Angola","Luimbale",1,1,15.14388333,-12.35919,1.0508,0.002,41.9,2,-15.44,"SHZone12",167
"icr073379","Angola","Luimbale",5,1,15.16175667,-12.3554,1.0399,0.0019,31.1,1.9,-20.78,"SHZone12",217
"icr073380","Angola","Luimbale",5,1,15.16175667,-12.3554,0.9742,0.003,-34,3,-21.24,"SHZone12",2954
"icr073439","Angola","Luimbale",8,1,15.17505,-12.297935,1.034,0.002,25.3,2,-18.5,"SHZone12",254
"icr073440","Angola","Luimbale",8,1,15.17505,-12.297935,0.955,0.003,-53.1,3,-18.67,"SHZone12",6311
"icr073519","Angola","Luimbale",12,1,15.19546833,-12.295335,1.0301,0.0019,21.4,1.9,-16.83,"SHZone12",285
"icr073520","Angola","Luimbale",12,1,15.19546833,-12.295335,0.9397,0.0029,-68.2,2.9,-17.14,"SHZone12",6475
"icr073558","Angola","Luimbale",14,1,15.22182667,-12.32752333,1.0581,0.0019,49.2,1.9,-19.19,"SHZone12",141
"icr073559","Angola","Luimbale",14,1,15.22182667,-12.32752333,0.95,0.0033,-58,3.3,-19.39,"SHZone12",6475
"icr073578","Angola","Luimbale",15,1,15.21382333,-12.31476833,1.023,0.0019,14.4,1.9,-20.54,"SHZone12",355
"icr073579","Angola","Luimbale",15,1,15.21382333,-12.31476833,0.9672,0.0026,-40.9,2.6,-19.47,"SHZone12",3931
"icr074509","Botswana","Paje",12,1,26.4957,-21.7232,1.0342,0.0033,25.5,3.3,-21.2,"SHZone3",263
"icr074510","Botswana","Paje",12,1,26.4957,-21.7232,0.9455,0.0031,-62.5,3.1,-17.76,"SHZone3",6475
"icr074691","Botswana","Gumare",4,1,22.0128,-19.3495,1.0744,0.002,65.3,2,-23.31,"SHZone3",106
"icr074692","Botswana","Gumare",4,1,22.0128,-19.3495,1.0214,0.003,12.8,3,-22.01,"SHZone3",387
"icr074731","Botswana","Gumare",6,1,22.039,-19.3952,0.9685,0.0058,-39.6,5.8,NA,"SHZone3",3746
"icr074732","Botswana","Gumare",6,1,22.039,-19.3952,0.9589,0.0056,-49.2,5.6,NA,"SHZone3",5456
"icr075676","Zambia","Musungwa",1,1,26.093142,-15.897394,0.972,0.0031,-36.2,3.1,-17.46,"SHZone3",3259
"icr075677","Zambia","Musungwa",1,1,26.093142,-15.897394,0.9238,0.0056,-84,5.6,NA,"SHZone3",6475
"icr075696","Zambia","Musungwa",2,1,26.098539,-15.867407,1.0352,0.0032,26.5,3.2,-14.76,"SHZone3",255
"icr075697","Zambia","Musungwa",2,1,26.098539,-15.867407,0.8925,0.0055,-115,5.5,NA,"SHZone3",6475
"icr075697","Zambia","Musungwa",2,1,26.098539,-15.867407,0.8925,0.0055,-115,5.5,NA,"SHZone3",6475
"icr075756","Zambia","Musungwa",5,1,26.115347,-15.896971,0.9523,0.0033,-55.7,3.3,-14.88,"SHZone3",6475
"icr075757","Zambia","Musungwa",5,1,26.115347,-15.896971,0.9138,0.0054,-93.9,5.4,NA,"SHZone3",6475
"icr075916","Zambia","Musungwa",13,1,26.166365,-15.89698167,0.9855,0.0018,-22.8,1.8,-17.85,"SHZone3",1802
"icr075917","Zambia","Musungwa",13,1,26.166365,-15.89698167,0.9043,0.0016,-103.3,1.6,-18.61,"SHZone3",6475
"icr076353","Madagascar","Analavory",1,5,46.640183,-19.025532,0.8302,0.0027,-176.8,2.7,-20,"SHZone3",6475
"icr076354","Madagascar","Analavory",1,5,46.640183,-19.025532,0.7588,0.0027,-247.6,2.7,-18.37,"SHZone3",6475
"icr076357","Madagascar","Analavory",1,8,46.640384,-19.023296,1.0322,0.0019,23.4,1.9,-16.73,"SHZone3",279
"icr076358","Madagascar","Analavory",1,8,46.640384,-19.023296,0.8837,0.0026,-123.7,2.6,-16.34,"SHZone3",6475
"icr076362","Madagascar","Analavory",1,11,46.634228,-19.02658,0.9785,0.0033,-29.8,3.3,-14.04,"SHZone3",2477
"icr076363","Madagascar","Analavory",1,11,46.634228,-19.02658,0.9294,0.0054,-78.4,5.4,NA,"SHZone3",6475
"icr076374","Madagascar","Analavory",2,6,46.629493,-19.003005,0.9766,0.0019,-31.7,1.9,-13.47,"SHZone3",2692
"icr076375","Madagascar","Analavory",2,6,46.629493,-19.003005,0.8739,0.0027,-133.5,2.7,-14.25,"SHZone3",6475
"icr076386","Madagascar","Analavory",3,2,46.634883,-18.980252,1.038,0.002,29.3,2,-14.97,"SHZone3",237
"icr076387","Madagascar","Analavory",3,2,46.634883,-18.980252,0.9797,0.0017,-28.5,1.7,-15.1,"SHZone3",2338
"icr076406","Madagascar","Analavory",4,2,46.639697,-18.95421,0.8466,0.0017,-160.5,1.7,-14.67,"SHZone3",6475
"icr076407","Madagascar","Analavory",4,2,46.639697,-18.95421,0.7162,0.0026,-289.8,2.6,-17.45,"SHZone3",6475
"icr076418","Madagascar","Analavory",4,8,46.63595,-18.962023,1.0358,0.0019,27,1.9,-12.53,"SHZone3",252
"icr076419","Madagascar","Analavory",4,8,46.63595,-18.962023,0.9573,0.0028,-50.8,2.8,-12.56,"SHZone3",5799
"icr076422","Madagascar","Analavory",4,10,46.632403,-18.957634,1.0226,0.0019,14,1.9,-13.44,"SHZone3",372
"icr076423","Madagascar","Analavory",4,10,46.632403,-18.957634,0.8335,0.0026,-173.5,2.6,-15.79,"SHZone3",6475
"icr076446","Madagascar","Analavory",6,2,46.65776,-19.001199,0.7866,0.0016,-220.1,1.6,-15.64,"SHZone3",6475
"icr076447","Madagascar","Analavory",6,2,46.65776,-19.001199,0.7358,0.0014,-270.4,1.4,-15.04,"SHZone3",6475
"icr076460","Madagascar","Analavory",6,9,46.660293,-18.999384,0.8217,0.0017,-185.2,1.7,-14.82,"SHZone3",6475
"icr076461","Madagascar","Analavory",6,9,46.660293,-18.999384,0.6726,0.0015,-333.1,1.5,-15.16,"SHZone3",6475
"icr076480","Madagascar","Analavory",7,9,46.660746,-18.97778,0.7973,0.0015,-209.4,1.5,-12.86,"SHZone3",6475
"icr076481","Madagascar","Analavory",7,9,46.660746,-18.97778,0.9717,0.0017,-36.5,1.7,-14.91,"SHZone3",3299
"icr076494","Madagascar","Analavory",8,6,46.652397,-18.958693,0.8892,0.0018,-118.3,1.8,-17.84,"SHZone3",6475
"icr076495","Madagascar","Analavory",8,6,46.652397,-18.958693,0.7448,0.0022,-261.5,2.2,-18.89,"SHZone3",6475
"icr076508","Madagascar","Analavory",9,4,46.676483,-19.020066,0.8728,0.0024,-134.5,2.4,-14.59,"SHZone3",6475
"icr076509","Madagascar","Analavory",9,4,46.676483,-19.020066,0.9118,0.0016,-95.8,1.6,-14.02,"SHZone3",6475
"icr076518","Madagascar","Analavory",9,9,46.679666,-19.017739,0.9833,0.0019,-25,1.9,-17.79,"SHZone3",1995
"icr076518","Madagascar","Analavory",9,9,46.679666,-19.017739,0.9833,0.0019,-25,1.9,-17.79,"SHZone3",1995
"icr076519","Madagascar","Analavory",9,9,46.679666,-19.017739,0.9326,0.0016,-75.2,1.6,-18.17,"SHZone3",6475
"icr076527","Madagascar","Analavory",10,5,46.678734,-19.006775,0.9321,0.0016,-75.7,1.6,-12.85,"SHZone3",6475
"icr076528","Madagascar","Analavory",10,5,46.678734,-19.006775,0.8576,0.0016,-149.6,1.6,-13.43,"SHZone3",6475
"icr076569","Madagascar","Analavory",12,6,46.684407,-18.955873,0.9917,0.0018,-16.7,1.8,-23.4175,"SHZone3",1349
"icr076569","Madagascar","Analavory",12,6,46.684407,-18.955873,0.9917,0.0018,-16.7,1.8,-23.4175,"SHZone3",1349
"icr076570","Madagascar","Analavory",12,6,46.684407,-18.955873,0.8296,0.0022,-177.3,2.2,-20.8385,"SHZone3",6475
"icr076599","Madagascar","Analavory",13,14,46.708536,-19.018618,0.9934,0.0017,-15,1.7,-14.39,"SHZone3",1244
"icr076600","Madagascar","Analavory",13,14,46.708536,-19.018618,0.8978,0.0016,-109.8,1.6,-13.42,"SHZone3",6475
"icr076607","Madagascar","Analavory",14,4,46.700807,-19.011172,0.9231,0.0016,-84.7,1.6,-12.47,"SHZone3",6475
"icr076608","Madagascar","Analavory",14,4,46.700807,-19.011172,0.8672,0.0016,-140.1,1.6,-12.58,"SHZone3",6475
"icr076611","Madagascar","Analavory",14,6,46.704284,-19.004856,0.9975,0.0017,-11,1.7,-13.81,"SHZone3",1027
"icr076612","Madagascar","Analavory",14,6,46.704284,-19.004856,0.9654,0.002,-42.8,2,-12.93,"SHZone3",4257
"icr076632","Madagascar","Analavory",15,7,46.70011,-18.981098,1.0072,0.002,-1.3,2,-11.77,"SHZone3",662
"icr076633","Madagascar","Analavory",15,7,46.70011,-18.981098,0.9462,0.0017,-61.8,1.7,-11.44,"SHZone3",6475
"icr076638","Madagascar","Analavory",15,10,46.702414,-18.982985,0.9666,0.0022,-41.5,2.2,-13.32,"SHZone3",4043
"icr076639","Madagascar","Analavory",15,10,46.702414,-18.982985,0.7945,0.0015,-212.2,1.5,-12.34,"SHZone3",6475
"icr076646","Madagascar","Analavory",16,4,46.708034,-18.956841,0.9358,0.0018,-72.1,1.8,-14.47,"SHZone3",6475
"icr076647","Madagascar","Analavory",16,4,46.708034,-18.956841,0.8651,0.0025,-142.2,2.5,-15.84,"SHZone3",6475
